t_s,d_m,x_m,y_m,psi_rad,k_radpm,vx_mps,vy_mps,a_mps2,omega_radps,delta_rad,s_m
21.773291980985917,84.80862568944625,24.271667344808698,17.68128923088283,0.10129401744511957,-0.0682372282801389,5.083501736837251,-0.04821688551858741,-1.799999999999988,-0.34688406847904607,-0.02251448035054678,0.0
0.041742814673424,0.21064099960368687,24.481421226302828,17.700600883121485,0.08630338585821598,-0.07684015518680373,5.008307669796363,-0.05349264026128725,-1.8000000000000003,-0.3848391385704119,-0.025351818486154993,0.21000000000000085
0.08411991332888125,0.42127441677059213,24.691452641073557,17.71651443824954,0.06949874864728907,-0.0854857148807686,4.931966385567131,-0.05860416144109961,-1.7999999999999914,-0.42161267223812665,-0.028202806043155355,0.4200000000000017
0.12716014256156427,0.6318951506952899,24.901723873413708,17.72864301644867,0.05087246616101536,-0.09415299367663457,4.854426436184929,-0.06353117063542324,-1.7999999999999932,-0.45705878154980734,-0.031060495474163355,0.6300000000000026
0.1708990437014375,0.8425188289143878,25.112197207616116,17.73659973790059,0.03041986361682151,-0.10280822840616365,4.77562452138204,-0.06824531602410859,-1.8000000000000003,-0.4909734965763207,-0.03391370755744678,0.8400000000000034
0.2153799556927698,1.0531839554510027,25.322834927973606,17.739997722786974,0.008141039653546022,-0.1114035324809887,4.6954835527538465,-0.07270999017315943,-1.7999999999999943,-0.5230934544831614,-0.03674661695822431,1.0500000000000007
0.2606552615779343,1.263954028266902,25.533599318778997,17.738450091289508,-0.015957135197043823,-0.11987592169024001,4.613910453292721,-0.07688045077767304,-1.8000000000000103,-0.5530967681846981,-0.03953843794320351,1.2600000000000016
0.3067878014690457,1.4749195929573415,25.74445266432512,17.731569963589884,-0.04185885863889893,-0.12814683600036936,4.530793644486898,-0.0807043549455094,-1.7904172300806707,-0.5806068701115783,-0.042263274555008556,1.4700000000000024
0.3538500938909177,1.6862001914294311,25.95535724890481,17.718970459869798,-0.06953510047648576,-0.13612238292807247,4.446455363121642,-0.08413143184598816,-1.7178722476637538,-0.6052620996114257,-0.04489020882648687,1.6800000000000033
0.401908522730718,1.8979442879326838,26.166273533524524,17.700265292503673,-0.09888864732014839,-0.14311845481319102,4.363829569340716,-0.08681169175946972,-1.6887507123766217,-0.6245445450321561,-0.04719402081409491,1.9073969696196722
0.4510014867799832,2.110184958129852,26.377018757324223,17.675114691489814,-0.12973392871492248,-0.14902931695434465,4.28086880602893,-0.08867851862457768,-1.650343460725167,-0.6379749541336523,-0.04914008271834472,2.117396969619673
0.5011257617065858,2.3227332399640055,26.587166162626392,17.6432581355646,-0.16191651204140906,-0.1556033668848727,4.19808309578224,-0.09079978511909986,-1.6031538272869688,-0.6532358641661861,-0.05130405106933757,2.344793939239342
0.552272411156995,2.53540443294578,26.796265202292407,17.604442830142105,-0.1955514184244576,-0.1628231528614436,4.116014951721065,-0.09315537190130524,-1.5475668458261882,-0.6701825316640665,-0.053680020487663564,2.5721909088590147
0.604432435024238,2.7480456414653687,27.003865329183633,17.55841598063643,-0.23075116219563546,-0.1706590843717777,4.035212681319424,-0.0957217525000709,-1.4839317554686178,-0.6886457014393589,-0.05625807089538091,2.7995878784786825
0.6575970014731158,2.9605391802866046,27.209515996161453,17.50492479246165,-0.2676239302843492,-0.17906431962808508,3.956229999824168,-0.098470329016292,-1.4126704518249273,-0.7084196332107338,-0.05902259149874008,3.0269848480983517
0.711757811425656,3.172806204038574,27.41276665608724,17.443716471031866,-0.3062710941069717,-0.18796911948804051,3.879619895409556,-0.10136557426069012,-1.3344489658012397,-0.7292487356884181,-0.061950435286018374,3.2123818177180214
0.7669077180545543,3.3848105260483248,27.61316676182237,17.374538221761142,-0.34678398205187233,-0.1972748976143472,3.8059185490771803,-0.10436289470158665,-1.2504887829094922,-0.7508121920977455,-0.06500898151631286,3.4397787873376906
0.8230418430713664,3.596562569621704,27.810265766228216,17.29713725006358,-0.38923986216732354,-0.20684840737643098,3.735610319131077,-0.1074060012676802,-1.163189782533976,-0.7727050450912244,-0.06815425244914368,3.684572726577031
0.8801596975662882,3.80812336788406,28.003613122166154,17.211260761353262,-0.43369712763863877,-0.21651676659601815,3.669053897011539,-0.1104232243883967,-1.0774517653380213,-0.7944116862474583,-0.07132931481935997,3.9293666658163717
0.9382694275840784,4.019608497191761,28.192758282497557,17.116655961044277,-0.4801847344635985,-0.22606430424887025,3.6063247239303546,-0.11332131925590327,-0.9407024853399102,-0.8152612896108147,-0.0744632869276768,4.132160605055712
0.997365497470641,4.231190677383548,28.377250244409794,17.01307152705691,-0.5284625091209499,-0.23319483796514598,3.5506481143360493,-0.11509100082544461,-0.23063100126775607,-0.8279928116938461,-0.07680292715635706,4.394351513914723
1.0570963725155398,4.44297396201978,28.556587310504643,16.900419956380762,-0.5780183149302092,-0.23501395939329353,3.536850483061365,-0.11553808377708048,-0.36601355135033203,-0.8312092358063342,-0.0773996756656883,4.597145453154062
1.1171570824336214,4.654852867217452,28.730171630005184,16.778924464730668,-0.6280501042960784,-0.23796126071832238,3.5148318867563244,-0.11625874195098376,-0.4848565396754977,-0.8363938269854947,-0.07836639732262908,4.83473333163274
1.177652462661765,4.866713030132832,28.89739461949955,16.648842950228804,-0.6787680051211396,-0.24198092409726052,3.4854514510756194,-0.11723437406081084,-0.5835954190492,-0.843412763027416,-0.07968461930903346,5.05492424049175
1.238682450421944,5.078463535738126,29.05764769557586,16.51043331099736,-0.730374144295807,-0.2470003584449514,3.4497730564695517,-0.11844123022873838,-0.6594528205143486,-0.8520951815017149,-0.08133031947537805,5.257718179731092
1.3003409117244136,5.290043020197819,29.210322274822257,16.36395344515852,-0.7830602391129444,-0.25292394234861765,3.409038743978067,-0.11984962510570965,-0.7104713615167709,-0.8622275187461125,-0.08327189074370171,5.49530605820977
1.3627143694113029,5.501425892252154,29.35480977382687,16.209661250834465,-0.8369948502477472,-0.25962577933988,3.364640036315185,-0.12142307353608242,-0.2923780907085067,-0.8735472916264921,-0.08546779055778556,5.715496967068779
1.4256167786483624,5.712629200270156,29.490503502765147,16.047815493260867,-0.8917608942544996,-0.2624855984840197,3.3462125098152375,-0.12208823046780572,0.9977273451453391,-0.8783325932935663,-0.0864045783967195,5.876290906308118
1.4880925107975118,5.923772551201213,29.617031523144608,15.878782435247794,-0.9464268660352164,-0.2517226420615595,3.4086868167761275,-0.11926806755562183,1.0581804487672308,-0.8580436514792937,-0.08287819130646343,6.138481815167128
1.5494573708969632,6.135066509764399,29.734480876896008,15.703138516398665,-0.9988678496289226,-0.24081130853848884,3.47376233280277,-0.11627645415503889,1.1282861955144357,-0.8365212529139486,-0.0793010800542102,6.341275754406469
1.6097459013268836,6.346662322188483,29.842991769233105,15.52148452090279,-1.049096698623667,-0.23007083211828197,3.5419198357393773,-0.1132700497027682,1.1967327626252862,-0.8148924439048071,-0.07577799389359083,6.5860696936458085
1.6689717780423061,6.558641763420884,29.942704405369668,15.334421232949493,-1.0971710465861593,-0.21975469310602608,3.612922969527303,-0.1103599921954017,1.2580901997262588,-0.7939567783841849,-0.07239232216638762,6.78886363288515
1.7271392826241092,6.7710228446452385,30.033758990519456,15.142549436728094,-1.1431842557137013,-0.21005620166078495,3.686217128921372,-0.1076294748351425,1.3095252824996935,-0.7743127685981475,-0.06920783893485646,7.075657572124489
1.7842486617265463,6.983765627432576,30.11629572989624,14.946469916427914,-1.187257111419812,-0.20111735681637477,3.761104878796906,-0.10514286259865994,1.349273074555755,-0.7564234719328053,-0.06627153731535232,7.2190545417441605
1.8402988200299575,7.196777961161161,30.190454828713776,14.746783456238273,-1.2295306718092611,-0.19303906097675022,3.836820244994864,-0.10295120863502466,1.3759051787962995,-0.7406561772303932,-0.06361692931375257,7.4044515113638285
1.8952888382433324,7.409921016997298,30.256376492185833,14.544090840348488,-1.2701604492160474,-0.18589139044050734,3.912556373746527,-0.10109616568447297,1.3879209620589645,-0.7273105444926112,-0.061267383931086494,7.631848480983501
1.9492189849828838,7.623014539955904,30.314200925526173,14.338992852947884,-1.3093149763087397,-0.17972317255341697,3.9874689954195572,-0.09961304038581133,1.3834464852028527,-0.7166405783151892,-0.059239253642080374,7.901245450603168
2.002092802585481,7.8358468354851984,30.3640688900295,14.132085211386332,-1.3471885902488958,-0.174919092029194,4.060661071032643,-0.09872991351408211,1.3476700503060448,-0.7102871475833245,-0.05765931728584695,8.21264242022284
2.0539623013022936,8.048346452736572,30.406139996058016,13.923791886074364,-1.3840306699862286,-0.1707236771383392,4.130601219387698,-0.0980216086262706,1.305426113623131,-0.7051914289659755,-0.056279319090772405,8.25464242022284
2.104929439119508,8.26062616312162,30.440596848451335,13.714327328775749,-1.4199425699878414,-0.16636332002777884,4.197175889367658,-0.09705760008170912,1.2854079815237625,-0.6982561156957491,-0.05484483907075435,8.464642420222841
2.1550797782495303,8.472788665625822,30.4676234474961,13.50389327636759,-1.454910832065879,-0.16191048104202996,4.261682455242579,-0.09591153683636204,1.2323661843309173,-0.6900110563767053,-0.053379700985432106,8.67464242022284
2.20448947668328,8.68491472933577,30.48740379347895,13.292691465726973,-1.4889322603189508,-0.15743044122056682,4.322617594613938,-0.09459111172555218,1.281472196186992,-0.6805115951478574,-0.05190538136381217,8.92664242022284
2.2532049555243425,8.897064121423302,30.500121886686536,13.080923633731004,-1.5220128766008698,-0.15298088603376256,4.385088667328297,-0.09324603020336467,1.3195686479859894,-0.670834749664494,-0.050440870220843384,9.13664242022284
2.3012410281725586,9.109276605927539,30.505961727405506,12.86879151725677,-1.5541668389007492,-0.1486118885863303,4.4485178377255945,-0.0918932665811387,1.3413264397368247,-0.661102637274379,-0.049002662796181186,9.34664242022284
2.3486155098393935,9.321572989349082,30.505107315922498,12.656496853181375,-1.5854153693120947,-0.14436620352717655,4.512103126654891,-0.09054393256623948,1.3653101220632287,-0.6513951983182696,-0.047604853479136004,9.55664242022284
2.395345393225627,9.53395619219083,30.497742652524167,12.444241378381905,-1.6157857280815056,-0.14027978672481356,4.575942466751885,-0.08922580042883506,1.3893692085711733,-0.6419122333009717,-0.0462593042303058,9.76664242022284
2.4414429668592614,9.746412328821501,30.48405173749715,12.232226829735467,-1.6453102604024719,-0.13638246528968723,4.640025158182483,-0.08796171174099462,1.4118559539239512,-0.632818070079098,-0.044975862839192034,9.97664242022284
2.486917234670841,9.958911781224245,30.464218571128093,12.020654944119151,-1.6740255338058527,-0.13269869505630907,4.704261771725516,-0.08677066636526466,1.4314793712742555,-0.6242493983112565,-0.04376261039445587,10.18664242022284
2.5317749337484727,10.171410255195998,30.438427153703643,11.809727458410054,-1.7019715765448513,-0.1292483560966612,4.76850534294163,-0.08566868524925585,1.2890280098644487,-0.6163214766133512,-0.042626121708710156,10.39664242022284
2.576053349842921,10.38384981030413,30.406861485510447,11.599646109485267,-1.7291912214144698,-0.12604754978400604,4.825610334535395,-0.08454763388439843,-1.7341523270077688,-0.6082563588805643,-0.04157172665893821,10.52264242022284
2.620396371016504,10.596159857342155,30.369705566835144,11.390612634221895,-1.755729554946517,-0.12310937249921675,4.748758154825095,-0.08126171248615677,-1.7999999999999996,-0.5846166365910558,-0.040603764188930795,10.834039389842511
2.6654382180541667,10.808258119143106,30.327143397964385,11.182828769497029,-1.7817984552418606,-0.12044465086123948,4.6677239548460605,-0.07814613110607282,-1.7999999999999956,-0.5622023820580777,-0.039725823932344466,11.044039389842512
2.7112114772247704,11.020059325984588,30.279323182649783,10.976496565934973,-1.8076705797487187,-0.1256119575560268,4.58528732840729,-0.08005940150165368,-1.7984055253344897,-0.575966917278084,-0.04142822864717146,11.212039389842511
2.7577503401980916,11.231538356686391,30.22611516912067,10.771820510367009,-1.834750947496277,-0.13298055131523442,4.501521497897191,-0.08320745866613705,-1.7016826380228354,-0.5986148105477483,-0.04385544456141862,11.48143635946218
2.8050789959156734,11.442719825275173,30.167259582754955,10.5690062292405,-1.8633538178988647,-0.1404098109434321,4.420910187755462,-0.08628274374882859,-1.6072289753170312,-0.6207391636606373,-0.04630212038322747,11.649436359462179
2.853203885805753,11.65365498283191,30.102495909524713,10.368259355483493,-1.8934924830855144,-0.1478313075964793,4.343487471948211,-0.08925237711847722,-1.5176405283061007,-0.6421034325070303,-0.048745685886659396,11.876833329081851
2.902136990443653,11.864423220667469,30.031563635402026,10.16978552202404,-1.9251706369744805,-0.15516099446174664,4.26914873025949,-0.09207434538641099,-1.4369679359021919,-0.6624053624921654,-0.05115845098758535,12.104230298701518
2.9518987054513808,12.075133655505812,29.954202246358964,9.973790361790192,-1.95838018361191,-0.16229914207878132,4.197567519059169,-0.09469536339538759,-1.3712912821131793,-0.6812616071610618,-0.05350759314212034,12.28962726832119
3.0025223111511785,12.285926586911481,29.87015122836761,9.780479507710002,-1.9930989837861226,-0.16913120290278338,4.128075214406107,-0.09704789940930818,-1.3291127908169265,-0.6981863266856703,-0.05575544992409461,12.475024237940861
3.054060762149833,12.496974771377273,29.779150067400035,9.590058592711516,-2.029273457946903,-0.1755298450805402,4.059507282942327,-0.09904649114246862,-1.3360995391725532,-0.7125646844781914,-0.05786019413554371,12.761818177180201
3.106593331327396,12.708450986760088,29.68095663209724,9.402761398562554,-2.066839777391566,-0.18098295430268493,3.9892645464823357,-0.1003564547533094,-1.3360484995209079,-0.7219888831173337,-0.059653514213416546,12.96461211641954
3.1601553247079845,12.920275063237229,29.575485901183054,9.219062285075793,-2.105652442995099,-0.18705819845804458,3.917641191111485,-0.1018629395745936,-1.3198632102593253,-0.7328269034143423,-0.06165097799231113,13.16740605565888
3.2147478375614984,13.132254401349837,29.462732540629066,9.039557634800538,-2.145831489184609,-0.19402561686215655,3.845512315471091,-0.10371177798328149,-1.2891955710496388,-0.7461278991602984,-0.06394117023146934,13.412199994898218
3.270369477054448,13.344231640233515,29.34269183977646,8.864844784833618,-2.187534852653828,-0.20182510920859648,3.7737187362630724,-0.10586673625356618,-1.2453066666185453,-0.7616311960688212,-0.06650406774423083,13.63239090375723
3.3270172514843885,13.556090435942394,29.2153590879664,8.695521072271866,-2.230911832678983,-0.210374457241076,3.7030766619528808,-0.10828555126038017,-1.189300000679474,-0.7790327428804328,-0.069312360283595,13.894581812616236
3.3846872285716323,13.7677603658389,29.080729574540097,8.532183834212114,-2.2760999198621206,-0.219560854950236,3.634380516055964,-0.11091750937144211,-1.1224176951010145,-0.7979676933197274,-0.07232868992264686,14.114772721475248
3.4433754545851194,13.97922204418608,28.93879858883871,8.375430407751193,-2.323220505793762,-0.2292322339836389,3.5683889850219366,-0.11370057924752719,-1.0465697417498514,-0.8179897787591883,-0.07550283683885563,14.334963630334258
3.503079564190733,14.190512362890372,28.789561420203437,8.225858129985934,-2.3723209386912902,-0.23918919181403986,3.5057783692334836,-0.11655765697943789,-0.19796390209783787,-0.8385442948160996,-0.07876911835869421,14.555154539193266
3.5633974204314285,14.40173011852628,28.633020509930166,8.084055860234404,-2.4228397828732153,-0.2408260125155272,3.4938177155884977,-0.1169549042572788,1.042901576200708,-0.8414021889012863,-0.07930590191414745,14.775345448052274
3.623307179803641,14.613032719348567,28.46942260038511,7.950322868393384,-2.473044416334383,-0.23095968858703336,3.5564224694543394,-0.11417324141804523,1.1127669008057925,-0.8213902260291024,-0.07606962893621032,14.995536356911286
3.6822106250358964,14.824556615382768,28.29931354782224,7.824603860961527,-2.5212335839034314,-0.22122875169390543,3.622088336620206,-0.11138210129174043,1.1801004717218857,-0.8013100812355426,-0.07287619967527043,15.215727265770296
3.7401174853183257,15.036378082332275,28.123257464017527,7.706821904720391,-2.5674562671150545,-0.21184923682266746,3.6905366514176405,-0.10867539485657848,1.240435699866431,-0.7818373730689099,-0.0697966868675884,15.435918174629304
3.7970303319729215,15.24851700482466,27.94181846074694,7.5969000664515285,-2.611791871831218,-0.202988966486799,3.761236230229311,-0.10612503425708633,1.2913830709277387,-0.7634894550869519,-0.06688643471823368,15.656109083488312
3.852948666267764,15.460941760175029,27.755560649786432,7.494761412936496,-2.6543435573613565,-0.1947740738693145,3.833540410164608,-0.1037877253412261,1.3314179540741562,-0.7466742830304035,-0.06418714872486238,15.900903022727652
3.9078710194255333,15.673574057390752,27.565048142911976,7.400329010956846,-2.695232422557036,-0.187296692182392,3.906745977238718,-0.10170916322398131,1.3592921364308832,-0.7317205987336783,-0.061729381783040084,16.205093931586664
3.9617961613604127,15.886293628404186,27.370845051899543,7.313525927294135,-2.734592697626443,-0.1806228415144677,3.980115519151184,-0.09992706867286356,1.3737007182144307,-0.7188997746249176,-0.059535098542220395,16.348490901206336
4.014723918434976,16.098942705064466,27.173515488525087,7.234275228729919,-2.7725679702242148,-0.1747999230016431,4.052880493269138,-0.0984736045440046,1.3730372235200188,-0.7084431981583066,-0.057620122015634635,16.63528484044567
4.066655854982386,16.3113302454269,26.973623564564587,7.16249998204575,-2.8093027348826385,-0.16986353187104022,4.124231684855594,-0.09737736187391907,1.3551449755477811,-0.7005565602440222,-0.055996364749823994,16.86268181006534
4.117596472261916,16.523237970267694,26.771731780633875,7.098121480754737,-2.84472459903185,-0.16384589616174314,4.193325676998398,-0.09550122927897325,1.3922234309117487,-0.6870592034458508,-0.05401654807602954,17.07268181006534
4.167571357397353,16.734591811414482,26.568267799353887,7.040912613529468,-2.8785244896372175,-0.15286648076581613,4.263026980514524,-0.09058267653701604,1.605601332272266,-0.6516739319209787,-0.05040321238554448,17.25807877968501
4.216598753995093,16.9455737834966,26.363424759524097,6.990388148396725,-2.909932433406695,-0.14140494550558821,4.341869078673209,-0.08534068470424354,1.804171849608192,-0.6139617604621836,-0.0466298062642471,17.569475749304683
4.26465364759839,17.15634530224416,26.157372316289237,6.946037006899599,-2.938883836247379,-0.12964112311589743,4.4286879882337455,-0.07980547177670648,1.9922944268532443,-0.5741400847245071,-0.04275549874775758,17.695475749304684
4.3117183162439225,17.367020422931496,25.95028012479403,6.9073481105811805,-2.9653394029966185,-0.11771961237873549,4.5225682436582515,-0.07400290230337608,2.17206666128795,-0.5323949805998279,-0.03882794784947163,17.90547574930468
4.357780001082736,17.57766963638136,25.742317840183215,6.873810380984558,-2.9892801281663317,-0.10574963620138587,4.622723328080792,-0.06795033211838428,2.3445064125425867,-0.48885131020420347,-0.034883223963421195,18.115475749304682
4.402829780770443,17.788323868405644,25.533655117601523,6.844912739652823,-3.0107023187599835,-0.09380693584093355,4.7284402590610375,-0.06165490838931021,2.5099739466368503,-0.443560492009426,-0.03094640612309553,18.325475749304683
4.446862016785673,17.998978580701333,25.324461612193684,6.820144108129066,-3.029814975642058,-0.08193689946428803,4.83904813415182,-0.05511302746544791,2.6683072538875234,-0.3964966004708483,-0.027032590111004007,18.535475749304684
4.48987570808478,18.20960582383246,25.11489482232604,6.799034960027103,-3.046822421077962,-0.07842778739460733,4.95384136275682,-0.05400411558870163,2.6843233492674825,-0.3885188171849037,-0.02587539345752146,18.74547574930468
4.531907783882877,18.420209622609654,24.905031287566313,6.781392487481075,-3.0632069445074803,-0.07657647807596796,5.066676385625948,-0.0539303644095055,2.6749550089406986,-0.38798823316191,-0.025264860760897286,18.955475749304682
4.573024855117012,18.630809475190688,24.694914469051163,6.767136945252732,-3.0792015275501448,-0.07471935873305208,5.1766705209587025,-0.05376485273606772,2.668436328144016,-0.3867975016983289,-0.024652393081792047,19.165475749304683
4.613289566343315,18.841420957616588,24.484587729497356,6.756188924504635,-3.0948063108458777,-0.07286189924487634,5.284122536590396,-0.05351655733634955,2.6648115708725055,-0.3850112038586298,-0.024039794720257582,19.375475749304684
4.652756611208417,19.05205577295287,24.27409443162164,6.748469016399342,-3.1100222019966752,-0.07100903173990479,5.389303258266673,-0.05319379965099003,2.6640823246782794,-0.38268920612223045,-0.02342869283444466,19.585475749304685
4.691473891296328,19.262721867127787,24.063477938140803,6.7438978120994175,-3.1248508001690833,-0.06916516173577715,5.492457968531825,-0.05280425737714418,2.666213941575103,-0.3798867437204617,-0.022820541075719163,19.795475749304682
4.72948347735351,19.4734235464688,23.85278161177159,6.742395902767418,3.143890984742008,-0.06733418419729127,5.593808478284525,-0.052354979731324,2.671142005795931,-0.3766545304411798,-0.022216624847780447,20.005475749304683
4.7668224128172305,19.684161596219816,23.642048815230783,6.743883879565906,3.1297931129648204,-0.0655195034641268,5.693554968331037,-0.051852406331435896,2.6787785816702177,-0.3730388944707618,-0.021618067844716198,20.215475749304684
4.803523233154893,19.89493249033561,23.43132398149134,6.7482900402363715,3.1159264037795453,-0.06621380035302538,5.791859145836098,-0.05330663971657773,2.6204400542090878,-0.3835010051552355,-0.021847077620586252,20.425475749304685
4.839620648341919,20.105719736816702,23.220664869769088,6.755638640611483,3.1018190563936807,-0.06829840363830841,5.886430308292275,-0.055882697252648016,2.5122296034793017,-0.40203379318451804,-0.022534657978033685,20.635475749304682
4.875157736765711,20.316502085665658,23.010138276391604,6.766019009928359,3.0872704639466684,-0.07042253494640036,5.97568660231737,-0.05849439680267997,-0.5790809830001364,-0.4208229985804314,-0.023235254235717286,20.845475749304683
4.910486120365693,20.52726217430282,22.799811169343002,6.779521713469144,3.0722736472831524,-0.07258371245113417,5.955211808579055,-0.06008294202843062,-1.7999999999999947,-0.43225138149950076,-0.023948045919204835,21.055475749304684
4.946060484966482,20.73798685062935,22.589750516607413,6.796237316515985,3.0568219781188612,-0.07477880173344797,5.891162803566979,-0.061234239242168406,-1.7999999999999836,-0.4405340952673986,-0.024671997343305652,21.265475749304684
4.982018194524773,20.948667353439575,22.38002328616896,6.816256384351028,3.040909270739038,-0.07700396197846088,5.826423414420075,-0.062363418503344065,-1.8000000000000038,-0.44865768707441767,-0.025405839918050427,21.47547574930468
5.018371441920447,21.159299495250174,22.17069644601177,6.83966948225642,3.024529880905687,-0.07925459312658056,5.760971747049778,-0.06346510258383571,-1.8000000000000056,-0.45658347182615616,-0.026148054778810745,21.685475749304683
5.055133961216978,21.369883846707506,21.961836964119975,6.866567175514306,3.0076788119274314,-0.08152528552594891,5.694783145032515,-0.06453336624509207,-1.8000000000000136,-0.46426882190713714,-0.02689685625100655,21.895475749304683
5.09232116783391,21.58042592159454,21.75351180847769,6.897040029406833,2.99056780105528,-0.08380977391171911,5.6278299382337655,-0.06556173450843966,-1.800000000000002,-0.471667154736976,-0.02765017675112169,22.122872718924356
5.129950921593554,21.79093974750215,21.545777237404234,6.931134294015227,2.973613784418848,-0.07434555214621943,5.560181367035802,-0.05745909077339031,-1.7999999999999916,-0.41337475376539784,-0.02452911148736617,22.332872718924353
5.168047225843161,22.001467223173318,21.33858780152182,6.968475366190542,2.9589605640387218,-0.06036796072850974,5.491711567511895,-0.046081756525340654,-1.8000000000000047,-0.3315234282398607,-0.019918792306961766,22.542872718924354
5.206634253795032,22.212043448339948,21.13184185024039,7.0084560894726815,2.9472475236856277,-0.04638922126111691,5.4223355293755935,-0.034963771244766566,-1.800000000000012,-0.25153792262421987,-0.015307247347769375,22.752872718924355
5.2457332965636105,22.422680122870606,20.92543714105728,7.05046685814417,2.938474931137819,-0.032432522205415294,5.352015591563033,-0.024127531667876477,-1.7999999999999994,-0.17357936451709693,-0.010702323695300853,22.962872718924356
5.285363608401626,22.633370819551462,20.71927143146982,7.093898066487534,2.9326397839120815,-0.018502999811380226,5.28071794958548,-0.013581568128293392,-1.800000000000002,-0.09770912322513231,-0.006105914056015079,23.172872718924356
5.325543351457245,22.84409644108961,20.513242478975364,7.138140108785294,2.929738336892098,-0.004593232010852305,5.208410815836586,-0.0033253580606108263,-1.7999999999999894,-0.023923439284969976,-0.0015157654027339099,23.382872718924354
5.366290614441104,23.05483066408923,20.307248041071244,7.182583379319976,2.929767859889018,0.009311329385031082,5.135062503027308,0.006646181914598913,-1.7999999999999883,0.047814258378409434,0.0030727290264657287,23.550872718924353
5.407624516804805,23.26554537166146,20.101185875254803,7.2266182723741,2.932727631416161,0.02322699681217091,5.060639404914392,0.016338540290243536,-1.7999999999999894,0.11754345532549307,0.0076647588467220786,23.760872718924354
5.4495664135526685,23.476216082839223,19.89495373902338,7.269635182230193,2.9386191777041297,0.037166506097821586,4.985103842224963,0.025753766036695585,-1.800000000000012,0.1852788923503279,0.01226433206685123,23.970872718924355
5.492141218990785,23.68682738857897,19.688449389874314,7.311024503170779,2.947445761044846,0.05113363305886459,4.9084117367495415,0.03488690452617977,-1.8000000000000094,0.2509849246487753,0.016872497632925594,24.180872718924356
5.535378870632735,23.89737840086449,19.481570585304944,7.350176629478379,2.9592111138699795,0.06511773292978441,4.830510071828865,0.04372270920330602,-1.799999999999996,0.31455186477198577,0.021485545141836173,24.390872718924356
5.579315957226836,24.107888213240784,19.27421508281261,7.386481955435518,2.9739174093704945,0.07908824106217374,4.751334091833514,0.05223267718703761,-1.7999999999999945,0.37577465602185334,0.02609319604400748,24.600872718924354
5.623997537597321,24.318401357936043,19.066280639894657,7.419330875324719,2.991562460852629,0.09298929161048063,4.670804185693995,0.06037253337457438,-1.7999999999999994,0.43433477247895236,0.030676839605360134,24.810872718924355
5.669479179957612,24.528993226597034,18.857665014048422,7.448113783428506,3.0121361555245927,0.10673477245808802,4.588822389069796,0.0680803809831643,-1.7999999999999987,0.48978691354794457,0.03520791980963648,25.020872718924355
5.715829255003438,24.739775398841033,18.648265962771244,7.472221074029403,3.0356161592701074,0.12020432944012807,4.505268425441996,0.07527583503389712,-1.8000000000000032,0.5415527700280368,0.0396466427046869,25.230872718924356
5.763131521189509,24.950900796067508,18.437981243560458,7.491043141409935,3.0615029597066123,0.13324103658695077,4.419995187641642,0.08186053893098819,-1.8000000000000087,0.5889247405107063,0.043941239156684776,25.440872718924354
5.811479643835787,25.16253212574298,18.22675093708954,7.504065327417333,3.0892776752333555,0.12694223827472226,4.333052066542708,0.07645657857641004,-1.7999999999999983,0.550047327887842,0.041866460284124565,25.650872718924354
5.860923571061981,25.374608354208593,18.01480216812703,7.511416926935419,3.1155139957845757,0.11722575411428306,4.24416409225159,0.06915602174555466,-1.8000000000000007,0.49752533629895423,0.0386652191714828,25.860872718924355
5.911487978615407,25.58693940118665,17.802481287511586,7.513494705913343,-3.1434387690430823,0.10809344293630647,4.153242777096442,0.062402425246611486,-1.7999999999999934,0.4489383111267013,0.03565571841653376,25.944872718924355
5.963193742836902,25.799304093709374,17.590135033594496,7.5106962996438025,-3.121115084109956,0.0995041839954519,4.060252830694644,0.056157688117955705,-1.7999999999999996,0.4040121447334942,0.032824586646983366,26.298269688544025
6.01605853377715,26.01145382288937,17.378110144727046,7.503419343419498,-3.1006112238724,0.09140662618767138,3.9651645133499214,0.05037948115177107,-1.8000000000000034,0.3624423104443962,0.030155043054972075,26.508269688544026
6.070097304258994,26.223115562449944,17.166753359260532,7.492061472533129,-3.081845648143252,0.08374170977675878,3.86795273314031,0.04502334755403109,-1.800000000000006,0.32390897520885675,0.027627732740566083,26.718269688544027
6.125322755396997,26.433994602391138,16.956411415546246,7.4770203222773945,-3.064745524300422,0.07644417024279064,3.768596207093823,0.04004412219436673,-1.7999999999999954,0.2880872100314153,0.025221226991700523,26.928269688544027
6.181745785962553,26.643777022449147,16.747431051935468,7.458693527944995,-3.0492476779406785,0.06944313312185815,3.667076663725329,0.03539680771687211,-1.8000000000000018,0.2546532929271375,0.022912223678131612,27.138269688544025
6.239375935305317,26.85213193257705,16.540159006779493,7.437478724828625,-3.035295307637566,0.06266186990882805,3.5633780627939413,0.03103702263234043,-1.8000000000000023,0.22328793260676566,0.020675470483277697,27.348269688544026
6.298221968939339,27.058713981649746,16.334941645612975,7.413772656514253,-3.02061020436812,0.06449645162223448,3.4574514286997355,0.03099607548422277,-1.799999999999999,0.222993348807358,0.021280616040623215,27.558269688544026
6.358412899300395,27.26356890929403,16.13181390415763,7.387227185499474,-3.0032072163927768,0.12946278696078758,3.348704526640297,0.06026103428106104,-1.7999999999999965,0.4335326207270578,0.042696755184895276,27.768269688544027
6.420468459838036,27.46794248676545,15.929934148481863,7.355397585804249,-2.9727029252173387,0.1913716697791567,3.2364018535394377,0.0860904321235598,-1.8000000000000054,0.6193556267882,0.0630688950191022,27.852269688544027
6.485117038003608,27.673483781728113,15.728307644709734,7.315472945398138,-2.9295793704614086,0.24523694592226788,3.1193674350343508,0.10633279587383118,-1.6619780946519243,0.7649841429772025,0.08075220690791511,28.205666658163707
6.553202290209224,27.88213792344109,15.525939658965301,7.264642352250708,-2.8750350086038075,0.2860335106773685,3.005648391257441,0.11950054640862794,-1.6478910859094267,0.8597161612131506,0.09411221652550429,28.373666658163714
6.625811934933843,28.09620543482853,15.321835457372625,7.200094894331523,-2.8110589174181904,0.30982984326150187,2.885695432669605,0.12427636434101934,-1.8000000000000036,0.8940745636044556,0.10188978734004378,28.58366665816372
6.704663805547414,28.318362976913864,15.11500030605576,7.119019659610146,-2.740419002414253,0.3150336044878526,2.7438074765384983,0.12015042675029529,-1.7999999999999992,0.8643915593546422,0.10358896567667476,28.811063627783398
6.792044007663405,28.551475417752656,14.904584045347391,7.018688172511997,-2.666102140026039,0.30268457725820097,2.5868639697464446,0.10883753196789722,-1.7999999999999985,0.7830038271071742,0.09955569130989775,29.021063627783406
6.888897131218457,28.79380045253251,14.693994033703802,6.898799601426133,-2.5904609734318327,0.3138578406297948,2.4125221806281356,0.10524927128959684,-1.8,0.7571890020834304,0.10320509695627829,29.24846059740308
6.994279290161847,29.03828421187586,14.491488220849467,6.7618189300054405,-2.508412178644921,0.36343966133589495,2.2222950879918466,0.11226615420937698,-1.799999999999998,0.8076701741681795,0.11936493522819981,29.55985756702276
7.107200201532208,29.278071789521796,14.30558837811116,6.610361573422216,-2.4125353799624145,0.46249291311496965,2.0177063325662883,0.12971130825871552,-1.7999999999999998,0.9331748795591044,0.1514539054793696,29.762651506262102
7.226928491550494,29.50724561512327,14.144816276815645,6.447042946848759,-2.294000130024017,0.6368387459256979,1.7993245536012483,0.1592772633197942,-1.7999999999999998,1.1458795922287353,0.20714235340983794,30.084239384740783
7.353574493948864,29.72157865679305,14.017693688289688,6.274478465457371,-2.141438882516133,0.9255717470504974,1.5654948098868624,0.2014079094997803,-1.659472312101966,1.4489777661854695,0.29643890704519116,30.465224232839134
7.488832952305881,29.919890390812395,13.932742383860056,6.095283544420353,-1.9402834269357043,1.3435958637790164,1.3309280502418206,0.24856388983764097,-0.38290691595841625,1.788229423292381,0.4173406575161111,30.626018172078474
7.629283847481842,30.106275775858812,13.898484134853517,5.9120735989099975,-1.6786306757647043,1.7409905610471161,1.2636843067774628,0.3058086805837674,0.3829069159584159,2.200062450242931,0.5214786487532547,30.888209080937486
7.769521734069739,30.292372768747512,13.922534599391085,5.727537244990928,-1.3617598078278579,1.4570426194935733,1.3269181632245048,0.2687393079793545,1.299174372371899,1.9333763163982334,0.44818951309068006,31.360399989796505
7.907167951100545,30.491033650289886,14.001515389787771,5.545251259233638,-1.0935488303683432,0.9690237700210341,1.518967816798057,0.20459631293202396,1.9192540967127607,1.4719159203742727,0.30950141132672293,31.76598786827519
8.036757555776889,30.7057691392403,14.124730226920096,5.36938359840531,-0.9034064768852931,0.6575092845618867,1.7740066632008629,0.1621331934181615,2.1410025789343177,1.1664258519292192,0.2136660573248889,32.14697271637354
8.156026328949274,30.933462484275775,14.281350349710861,5.204112921906269,-0.7659874209648883,0.4858174106894467,2.0321268949732145,0.1372267250568499,2.227467874957819,0.9872426263082723,0.1589670109854591,32.30776665561288
8.264486778714867,31.167471444184667,14.460546997082869,5.053617889136836,-0.659348877987128,0.4036207601953777,2.2747699620279054,0.12762206900672063,2.173884260009478,0.9181443813433136,0.13241546626792422,32.79735453409157
8.361777854881147,31.399422799957446,14.651550898947775,4.9220164418909516,-0.5712688070974378,0.36528146693146524,2.4866434624250373,0.12625714326493162,2.019156327156772,0.9083247716901555,0.11996406913060041,33.024751503711244
8.449143956717963,31.624656944360673,14.84695314338973,4.809996878099169,-0.4965312033248309,0.289248650079404,2.6641001420007817,0.10711164439526036,2.2490012201548146,0.7705873697500746,0.09516373811638021,33.21014847333092
8.5289679283376,31.844652977112236,15.04443657129069,4.713050758368093,-0.4410082142384993,0.19562257184866264,2.844725252306655,0.07735245333820985,1.0317078401782818,0.5564924700590635,0.06446599602129482,33.420148473330926
8.603817708056708,32.0605488042204,15.242108651087024,4.626236260548248,-0.40715221737099955,0.08983181287122154,2.9227719844413866,0.036495548930050664,-1.8000000000000012,0.26255790597158746,0.02963581899852735,33.6475454429506
8.678145455172102,32.272836643708466,15.438076851215099,4.5446115624901635,-0.39658826809805975,-0.025916450259956335,2.789191785938861,-0.010047747075821095,-1.8000000000000023,-0.07228595018576327,-0.00855222007522517,33.87494241257028
8.754935209673008,32.48171238618143,15.63044864011128,4.463234842044366,-0.4105751033342146,-0.15128028466209936,2.6504024195185747,-0.05573255491665029,-1.8000000000000012,-0.4009536324938869,-0.04988108264367404,34.06033938218995
8.834708505523809,32.687463061327755,15.817331486211932,4.377164277061382,-0.45026546920445437,-0.2848330662489781,2.5054335156335084,-0.09919461316517804,-1.799999999999999,-0.7136303105408491,-0.09371955369873625,34.3891333214293
8.918348183808138,32.89088485277961,15.996832857953427,4.281458045391742,-0.516585867669226,-0.4197876530008544,2.352842920868622,-0.13728952266072483,-1.3314017563607747,-0.9876944076311139,-0.13765383644981533,34.57453029104897
9.006608263582743,33.09371447360005,16.16706022377212,4.171174324885971,-0.6095653961431846,-0.5397954850876354,2.233058403424598,-0.16754988333067863,-0.6443019035805672,-1.2053948441056015,-0.1762834689046326,34.75992726066865
9.099530599862163,33.299017113851214,16.326121052104387,4.041371293394598,-0.7259598871714943,-0.6195699430395519,2.1714277781120224,-0.18700384248711197,0.6443019035805676,-1.3453513847993666,-0.20167847833503946,34.96272119990799
9.19549545043088,33.51113594601123,16.4720893874322,3.887463385740195,-0.8566198342066658,-0.5729377078961031,2.2342218291418745,-0.1779297207870778,0.9039384304029199,-1.2800699337199846,-0.18686365970128438,35.224912108767
9.291776833388349,33.73112079225613,16.6025273556508,3.71032143976354,-0.9793157487157431,-0.5072432343218526,2.32256227124261,-0.16375645577468234,1.254703043333547,-1.1781039983790094,-0.16585263858003133,35.44510301762601
9.386067768001682,33.956238668245234,16.71459688454535,3.5150818977050733,-1.0923797676893863,-0.4809710661195688,2.4411857446346055,-0.16320541971679917,-0.8870130937140257,-1.1741397101927997,-0.15740740435930795,35.96948483534403
9.480487167192127,34.18329462373261,16.80544924748736,3.3069947643447004,-1.2026617036459064,-0.48887690603318223,2.3574472066479593,-0.16019770801664449,-1.534810988352906,-1.1525014965226223,-0.15995118906069772,36.21427877458338
9.579208612024724,34.409082867478865,16.872235717848362,3.091310044462324,-1.3163001258373992,-0.5306243250357142,2.2053746558127374,-0.16266133590861911,-1.5834549902977204,-1.1702254381915043,-0.17334854126385615,36.56767574420306
9.683320687161993,34.63073089716989,16.912107568999872,2.8732777428378498,-1.4393040954948193,-0.6096461833279144,2.0391997669996837,-0.17280345934423963,-1.5209895637567958,-1.2431903549945296,-0.19853303178000783,36.87907271382274
9.793029797964158,34.84609813362982,16.92221607431341,2.658147864251182,-1.5779433059638166,-0.7302068806290327,1.8700341484204075,-0.18980614050410913,-0.5368457359385529,-1.3655118021878354,-0.23646031508852192,37.089072713822745
9.905603842892818,35.05429533740889,16.8997125071605,2.4511704134822243,-1.7374718022483022,-0.8892542932537714,1.8054669581888358,-0.22316717490171772,-0.3583035773627297,-1.6055192438972496,-0.2854404464973151,37.31646968344242
10.017982775603379,35.2564733789725,16.84196550289279,2.2574147839159995,-1.9176718387842744,-0.9299658622659159,1.764262429167149,-0.22805783253732645,0.5248693172177185,-1.6407038312037872,-0.2977646909490956,37.74666059230144
10.129047134376975,35.45728756637227,16.75004904467852,2.0788715046519064,-2.0978967250967666,-0.8117932746107642,1.8256496539680818,-0.20600496541325933,1.2028259736353437,-1.4820501108867576,-0.26174582108279226,37.94945453154078
10.236460252085411,35.66156962089702,16.628140514946796,1.914952414307003,-2.2560974004190117,-0.6655592154417062,1.9580735655770907,-0.18114673294548594,1.5410674899615153,-1.3032139060826327,-0.21620169097539113,38.11024847078012
10.339327107522536,35.87200406790308,16.480513081082158,1.7649897614320669,-2.388392882604857,-0.5288266334133055,2.1192419700857386,-0.15577891190357848,1.8312873013715272,-1.1207115964286223,-0.17277289386601363,38.44923331887847
10.437486111474886,36.089410393102696,16.311439910469133,1.6283157945778715,-2.4961669978703234,-0.41654372224865416,2.300863571094466,-0.13321902840431277,2.056857390123521,-0.9584102762900198,-0.13660334343996502,38.66942422773748
10.5307042491749,36.3131884762075,16.125194170492264,1.5042627622951905,-2.583097090530964,-0.3297147142990259,2.493835744327266,-0.11429335325298924,2.232798704798447,-0.822254339949563,-0.10837950629209657,38.99101210621616
10.618776643033215,36.54171673211152,15.926049028536081,1.3921629131347977,-2.6531520932990724,-0.26406313933682735,2.691289052593711,-0.09878316281661165,2.372979016366941,-0.7106702360907312,-0.08692126678479305,39.35459998469484
10.701512656881025,36.772655017562826,15.718277651985119,1.291348495647466,-2.7097482756489586,-0.21444230040159046,2.8881494190272643,-0.08608845533944158,2.488379782551289,-0.6193414053197236,-0.07064818505399673,39.557393923934185
10.778720756951909,37.003159314819904,15.50615320822392,1.201151758383969,-2.7556248416337823,-0.1763412891899314,3.080629950691107,-0.07551067372605585,2.5878130096458873,-0.5432422570219846,-0.05812707109668271,39.78479089355386
10.850212236662454,37.23007745653314,15.293898277798043,1.120904094564424,-2.793799079630761,-0.1576247629557898,3.265778070718093,-0.07155268170257867,2.6035573117271236,-0.5147674942631559,-0.051969334712239246,40.15558483279321
10.916359848632855,37.45184866204474,15.083799544843627,1.049904164951651,-2.828232361712582,-0.15602324204086998,3.4379725234146297,-0.07456010306193081,2.5117035843465247,-0.5364036191505813,-0.0514422445077543,40.36558483279322
10.97816525519584,37.669181154130094,14.87564649445585,0.9874084072532621,-2.8614887858649003,-0.1517333163213968,3.5932186984868646,-0.07578432752513566,2.4436615047001755,-0.5452109893894651,-0.050030210312890205,40.44958483279322
11.036472699144866,37.882893073909,14.669063478308642,0.9326704670736188,-2.893151837436924,-0.14477628413866142,3.7357450882954035,-0.07517777363980033,2.413189336105576,-0.5408472923726642,-0.047739872763063594,40.8029818024129
11.091912866330127,38.09375394282758,14.463674848075927,0.8849439900170817,-2.9228209175574045,-0.1353009312332357,3.8696047941208676,-0.0727749973687314,2.428135627059079,-0.5235611321491467,-0.04461967237905405,41.01298180241291
11.144961272954838,38.302483159853416,14.259104955431628,0.8434826216880121,-2.9501252704992464,-0.12356726207039453,3.9985080371431048,-0.06867777198175751,2.488438139962578,-0.4940846905162409,-0.04075461783937438,41.198378772032584
11.195979894405976,38.50975019379729,14.054978152049673,0.8075400076907707,-2.974735809613057,-0.10992077933575806,4.125572952440435,-0.06303458098529001,2.5869272579902254,-0.45348619413877694,-0.036257960103597435,41.40837877203259
11.24524886986816,38.71617646549338,13.85091878960399,0.7763697936297185,-2.9963740077019834,-0.09476222676200684,4.253140787747831,-0.05602215575732276,2.7120045558793415,-0.4030370917793003,-0.03126134723767166,41.6183787720326
11.29299099353182,38.92233880319146,13.646551219768497,0.7492256251092164,-3.0148174842379403,-0.07851763706259351,4.382725574176233,-0.047832854580958165,2.8503976725580946,-0.34412125597811627,-0.025905023977652118,41.82837877203261
11.339390215992204,39.12877426623272,13.441499794217124,0.7253611477336255,-3.0299023888416747,-0.06161240762976783,4.515077250443177,-0.0386676844247533,2.9889446335830887,-0.27818478003419633,-0.02032929349012979,42.05577574165228
11.38460517489153,39.335986072986685,13.2353888646238,0.7040300071073066,-3.0420589957151454,-0.04445149800738577,4.650299067091753,-0.0287330736003262,3.1153959613690505,-0.20671275971457698,-0.014667942323148312,42.26577574165229
11.428757341435087,39.54434736906413,13.027934859507507,0.684606684418348,-3.051299310536273,-0.043759155122426965,4.787850747506322,-0.02912221019527883,3.1221928267044197,-0.20951230356315706,-0.014439517561828553,42.4757757416523
11.471890181979187,39.75376912129964,12.819255223110426,0.6669919274635965,-3.0604827801592123,-0.04372595880530545,4.922517439837232,-0.029918609476188147,3.1237694696036993,-0.21524179479272043,-0.014428565059356862,42.68577574165231
11.514041659947974,39.964039413312136,12.609576544047885,0.6512297179227641,-3.0697044176407418,-0.043869788649856765,5.05418589271596,-0.03081992330056462,3.122856164448306,-0.2217260669105368,-0.014476018995025585,42.895775741652315
11.555245643974025,40.17494682303751,12.399125413221714,0.6373640404762169,-3.0789924017740047,-0.04418876047650798,5.182856209668966,-0.03183433483702092,3.1189317900289195,-0.22902399163324394,-0.014581257480717518,43.10577574165232
11.595532073390764,40.386280540078644,12.188128421533747,0.6254388798043211,-3.0883747878952295,-0.04468330607485509,5.3085022110757585,-0.0329709986444195,3.11137013598138,-0.23720142909654313,-0.014744422442497658,43.31577574165233
11.634927643462223,40.597830484873064,11.976812159885815,0.6154982205874434,-3.0978797802191838,-0.04535612375707197,5.4310708688017595,-0.034240192821773346,3.0994129758618008,-0.246332322458801,-0.014966403282046582,43.52577574165234
11.673456381648165,40.80938743392776,11.765403219179753,0.6075860475059499,-3.1075228724390005,-0.04621218466767905,5.55048076371071,-0.03565347804453295,3.082134908511963,-0.25649984204699955,-0.015248838907689759,43.73577574165235
11.711141055360528,41.02074832894363,11.554123092920424,0.6017434291073133,-3.1172323515887013,-0.04570157023188925,5.666630185012335,-0.035997371735609386,3.0827038437394214,-0.2589738973784848,-0.015080374891096579,43.945775741652355
11.7480208205657,41.23183295542756,11.343072691126789,0.5979424502061995,-3.1267225050093193,-0.04360726253831086,5.780327729168781,-0.03503693336922444,3.108784499738,-0.25206426884334127,-0.014389403423072163,44.15577574165236
11.78414645474988,41.442683373855274,11.13223045313554,0.5960851322519815,-3.135758774613875,-0.041466485088268404,5.892642844900275,-0.03396425894553828,3.1379521173659892,-0.24434718665854874,-0.013683086068162507,44.36577574165237
11.81956176334511,41.65334448408982,10.921569343418605,0.5960703646183168,3.1388509204098014,-0.03928475789802444,6.003782759406494,-0.0327841441524108,3.17003356785433,-0.23585715217561726,-0.012963243918432808,44.59317271127205
11.854306125508007,41.86385858240702,10.711062326447914,0.5977970366788637,3.1307419544842467,-0.03706735040356494,6.11393191111188,-0.03150118865248829,3.204812426810853,-0.2266272564927215,-0.012231615596131767,44.803172711272055
11.888415085686809,42.074265483819666,10.500682366695393,0.6011640378072799,3.1231048778177173,-0.034819264205964325,6.223252995171083,-0.03011978354605949,1.382025731373961,-0.21668909025942076,-0.011489851543882766,45.01317271127206
11.922087382961521,42.284602649679634,10.290402428632976,0.6060702573772234,3.115944228237915,-0.0325452218705092,6.269797709804069,-0.028363222099280966,-1.7999999999999923,-0.20405195754878389,-0.010739510310292587,45.24056968089174
11.955792286403366,42.49490531993663,10.08019547673259,0.6124145847623521,3.109263879666273,-0.03024966131291522,6.209138150782619,-0.026107581328772222,-1.8000000000000032,-0.18782432610627492,-0.00998205667782853,45.450569680891746
11.989829561574044,42.70520664946291,9.870034475466156,0.6200959093363242,3.1030670835009446,-0.02793673525993189,6.14787958988846,-0.023873484147258706,-1.7999999999999934,-0.17175168451265255,-0.00921886146452281,45.67796665051142
12.024214374307864,42.91553784788662,9.659892389305623,0.629013120472797,3.0972196216238435,-0.025610315245704025,6.085994717614945,-0.02166512981895134,-1.8000000000000227,-0.15586424330180818,-0.00845120282239555,45.84596665051143
12.0589617474946,43.12592487553156,9.449747003608087,0.6390937093100381,3.0914951281686376,-0.03023738132235213,6.02343480560632,-0.02531647241715504,-1.8000000000000078,-0.18213289508744626,-0.009978004684552148,46.115363620131106
12.094082439809803,43.33636382779506,9.239618219369987,0.6505150342935454,3.084633673194045,-0.0372007671265206,5.960191079637628,-0.030819591573259912,-1.7999999999999887,-0.2217236803831648,-0.01227563650423948,46.19936362013111
12.129586042858008,43.546840459732536,9.029547689000745,0.6635835025331551,3.076304986582018,-0.044167772300324336,5.896253158691682,-0.03619898700440457,-1.7999999999999945,-0.26042436693816234,-0.014574332854352424,46.55276058975079
12.165483924922874,43.75734765698919,8.819577246662698,0.6786065994581227,3.0665082088427615,-0.05113586124690028,5.83160077823681,-0.04145034602580942,-1.8000000000000176,-0.2982039282432332,-0.016873232725661463,46.63676058975079
12.20178960273472,43.96788693215349,8.60974872651821,0.6958918104977022,3.055242847156451,-0.058098214716142474,5.766209846509799,-0.046565903188759715,-1.8000000000000054,-0.3350064977608612,-0.019170062234145708,46.94815755937047
12.238519120102737,44.178469791112335,8.400103962729617,0.7157466210811501,3.042509378363003,-0.06504306218483587,5.700051782485861,-0.05153408633375673,-1.8000000000000043,-0.3707488225450124,-0.02146091515637318,47.21755452899015
12.275691457629712,44.38911909495364,8.190684789459278,0.7384785166377198,3.0283099470507975,-0.07195304639239744,5.633092799042732,-0.056339228062806036,-1.8000000000000094,-0.40531818750220167,-0.023740044422267185,47.385554528990156
12.313328976547265,44.59987041083554,7.981533040869523,0.7643949825966684,3.0126491559652915,-0.07880465206287281,5.565293124872967,-0.0609613673783582,-1.8000000000000054,-0.43857098833351227,-0.02599967514915974,47.65495149860983
12.351457899913868,44.81077334272022,7.77269055112272,0.7938035043872487,2.9955349426017497,-0.08556774117380322,5.496606157931782,-0.06537617205481731,-1.7999999999999936,-0.4703321730562397,-0.028229853174542227,47.738951498609836
12.3901088347008,45.02189283013637,7.564199154381198,0.8270115674387185,2.977031109304852,-0.09220524715168224,5.42697754226067,-0.06955501697433761,-1.7999999999999978,-0.5003958055707741,-0.03041834629997404,48.050348468229515
12.429314905237156,45.233297364572245,7.356111591611376,0.8643136236898444,2.957243239396877,-0.0960931716076508,5.356374534861864,-0.07154483141489312,-1.7999999999999887,-0.5147110173733318,-0.031700123898428606,48.31974543784919
12.469092034127712,45.44495357192521,7.148578483069899,0.9058871605871731,2.9366655935208295,-0.0992152886393662,5.284750963463376,-0.07288160481957907,-1.8000000000000087,-0.5243280922271875,-0.03272935356460512,48.4457454378492
12.509447410449337,45.656776264789706,6.941802124707547,0.9518479137878078,2.915400480377069,-0.10252032279972487,5.212084627837,-0.07427389919224131,-1.8000000000000056,-0.5343445985053331,-0.033818807633614306,48.715142407468875
12.550390723774957,45.86868922602958,6.735985279203463,1.0023110612144377,2.893416135697393,-0.10600425681198845,5.13835809103611,-0.07571160846370693,-1.760723883522576,-0.5446878306741506,-0.034967146315724645,48.98453937708855
12.591927914274002,46.080626430590655,6.5313307092368245,1.0573917807897437,2.870681359460315,-0.10966100415259175,5.0651919244273405,-0.07720811053950381,-1.7151096685338652,-0.5554540326583007,-0.03617234667666144,49.169936346708226
12.634059334528835,46.292532742130284,6.328041177486768,1.1172052504364163,2.8471658210463793,-0.1134819413965137,4.992899196139971,-0.07875794126253287,-1.6678758637943416,-0.5666038939750566,-0.03743154881638414,49.33793634670823
12.676785560395825,46.50436464020917,6.126319446632475,1.1818666480771358,2.8228404257714406,-0.11745540761205826,4.9216024018688405,-0.08035156545402256,-1.6195346836288702,-0.5780688162159896,-0.038740891361044374,49.60733331632791
12.720108390822329,46.716090974877325,5.926368279353083,1.2514911516345928,2.797677747150837,-0.12156618011419494,4.851402887130357,-0.08197754588849458,-1.5707891067464965,-0.5897665171834143,-0.04009533937166368,49.834730285947586
12.764031262742947,46.92769374419263,5.728390438327768,1.3261939390314668,2.771652528291419,-0.12579494133553956,4.782370853518777,-0.08362213047388325,-1.522609505139548,-0.6015980609631888,-0.041488509564930276,50.06212725556726
12.80855982586677,47.13916888871796,5.532588686235674,1.4060901881904495,2.74474225428616,-0.13011775805959958,4.714531233483995,-0.08526874858200256,-1.4763341124246225,-0.613444234402896,-0.04291249986810392,50.247524225186936
12.85370274407785,47.35052709535508,5.339165785755974,1.49129507703422,2.716927795282241,-0.134505601616084,4.64784398344739,-0.08689738611836897,-1.4337933716708824,-0.6251610512112875,-0.04435773273439649,50.47492119480661
12.899472816359474,47.56179460101315,5.14832449956781,1.58192378348547,2.688194116899616,-0.13892394549048917,4.582177164630342,-0.08848380415991491,-1.3974462073480236,-0.6365741306468699,-0.04581282420267905,50.76171513404596
12.945888541463674,47.773013984614195,4.960267590350359,1.6780914854668776,2.6585310508087088,-0.1433324845119923,4.517271494552307,-0.08999857276758423,-1.3704899646674857,-0.6474717465293828,-0.047264493184751635,50.94711210366563
12.992976280396842,47.98424493387295,4.7751978207827595,1.779913360901137,2.6279374907719912,-0.14768502640770512,4.4526965607849,-0.0914059286739372,-1.357081719876182,-0.6575966091650157,-0.04869752759344236,51.191906042904975
13.040769511718697,48.19554860726109,4.593331674430931,1.8874956419629105,2.5964135843813763,-0.15192465611071512,4.387797081945513,-0.09265942422338584,-1.3387223698020776,-0.6666145627581714,-0.050093194330328564,51.43669998214432
13.089283310763975,48.40688937133093,4.414982185064008,2.000881611995272,2.563970210861675,-0.15648632825168773,4.32280632556684,-0.09402795245872633,-1.3146286824380937,-0.6764600896311247,-0.05159465771253292,51.59749392138366
13.138523391930896,48.61820133917826,4.240503830917128,2.1200875333654348,2.5305471148614678,-0.16138787525337617,4.258025150504341,-0.09551991482233127,-1.2863287200325386,-0.6871936318153329,-0.053207730436152734,51.91908179986234
13.188497405413301,48.82943924066007,4.070251249561972,2.245129564556328,2.496081622027185,-0.1665902431586736,4.193689219637767,-0.09710925124955956,-1.2558160316189768,-0.6986277068313637,-0.054919498373843904,52.13927270872135
13.239216321138802,49.04058039221817,3.90457907857024,2.3760238640508597,2.4605165986254303,-0.1720445092554808,4.129939011354488,-0.09876413293443326,-1.2258600102403259,-0.7105333304635484,-0.05671380391079238,52.40146361758036
13.290696433776404,49.25162651520638,3.7438419555136213,2.512786590331952,2.4238018315641185,-0.17769017062771175,4.066772110846412,-0.10044493480896427,-1.2004121764986966,-0.7226254302803184,-0.058570688193988224,52.57965452643937
13.342962414779961,49.4626055694592,3.588394517963798,2.6554339018825304,2.3858958057758546,-0.18345363032869774,4.003970058319276,-0.10210145516672497,-0.99102508288248,-0.7345428429260789,-0.06046589978368844,52.79984543529838
13.395982779518633,49.673573568275465,3.4385913819306744,2.8039819310151306,2.3471762441244928,-0.18836343106188014,3.9513729828955393,-0.10345688997241534,1.1840702808362076,-0.7442941724634196,-0.06208005830825802,53.00263937453772
13.448950489725306,49.88460147447315,3.2947151812119637,2.9583594425280766,2.3078758419170793,-0.1819246335249237,4.014161382800466,-0.10150820254814674,1.2269924794786449,-0.7302748384758756,-0.059963158099917695,53.22283028339673
13.50111044030978,50.095715982548924,3.156816075190873,3.118213038292015,2.269899857203765,-0.17575345463122413,4.0782277048233935,-0.09963000249747166,1.2662594452124871,-0.7167626078954796,-0.05793373821122067,53.425624222636074
13.552470204331854,50.306905374552784,3.0248973794568967,3.2831324641059756,2.2331921299560986,-0.1699233374803562,4.143323712724176,-0.0978625877003354,1.2997668419049313,-0.7040473935275926,-0.05601603876025844,53.67041816187542
13.603034279746502,50.51812871091023,2.8989624095995525,3.452707465768961,2.197686160211282,-0.1644923676729082,4.209100706757336,-0.09623872680292335,1.3259909967089645,-0.6923649410282254,-0.05422925936229851,53.85581513149509
13.652805576414519,50.729318223721116,2.779014481208337,3.6265277890800016,2.1633072757735485,-0.15950596224351554,4.27514644342406,-0.09478567725945142,1.3436693710343548,-0.6819113471902978,-0.05258843531679755,53.999212101114765
13.701786388361743,50.940381640565704,2.6650569098727677,3.8041831798380987,2.1299744455444234,-0.15499957898703323,4.341003696881557,-0.09352667061029368,1.3515863096621585,-0.6728537453977961,-0.051105323024861905,54.37000604035411
13.749979085134619,51.15120441851589,2.557093011182342,3.985263383842283,2.0977841093605356,-0.15100132211917963,4.406177227853624,-0.09248206357872736,1.3484072154700726,-0.6653385868973191,-0.04978925344456299,54.55540300997379
13.79739545040782,51.361691162698676,2.4550734872353255,4.169373911000003,2.066802417481522,-0.14010063744131054,4.470236694051004,-0.08705333843866148,1.6217292004665338,-0.6262830103500824,-0.04620031122618328,54.69879997959346
13.84403005548047,51.57196186831381,2.358621771209046,4.356218327869953,2.038244486764373,-0.12756245566754648,4.545998389412498,-0.08060592180396955,1.8933450624424146,-0.5798987180141695,-0.04207077173306729,55.02759391883281
13.88982936364878,51.782183894148375,2.2672356615889324,4.545537843806608,2.0123388427803826,-0.11474949319973914,4.632837567824363,-0.07389459105485353,2.1320979643902427,-0.5316157629845577,-0.0378492485491005,55.27238785807215
13.934751681260689,51.99247946900274,2.180412697745289,4.737073745800814,1.9891235980140898,-0.10180351888498915,4.728732206576061,-0.06691481941069692,2.348725071019889,-0.48140157849422244,-0.03358253089395654,55.517181797311494
13.9787706684142,52.20292983929903,2.0976504190484384,4.930567320843379,1.9686170363209556,-0.08882958389029466,4.832225789856189,-0.059665000258585725,2.5479677157897727,-0.4292446061768757,-0.02930537060380071,55.88076967579018
14.021870383823558,52.413579804763444,2.018446364868687,5.125759855925149,1.9508227306569716,-0.07589896667673765,4.942135784325688,-0.052139316889696294,2.7316970309387347,-0.37510299920644813,-0.02504142342418897,55.98216664540985
14.064042792293698,52.62444235031259,1.9422980745763545,5.3223926380369315,1.9357342482226871,-0.06305327360599572,5.057418814871621,-0.044325266906115324,2.900018536894529,-0.31888681227421095,-0.02080457815174986,56.18496058464919
14.105286443902017,52.83550330308133,1.8687030875417492,5.520206954169573,1.9233392953466244,-0.05030905425001485,5.17709382543157,-0.03620320248282648,3.051660879780105,-0.26045469412105376,-0.016600462841519482,56.38775452388853
14.145605800937748,53.0467259682458,1.7971589431351904,5.718944091313881,1.9136232316540684,-0.037662493131309496,5.300188783858087,-0.02774694698967114,3.184041076841855,-0.19961832366669885,-0.012427982840106464,56.64994543274754
14.185010972888353,53.25805571844962,1.7271631807269863,5.9183453364607015,1.9065719373106818,-0.025093921472427557,5.4256960924835855,-0.018925126843247583,1.1017346205368683,-0.13615199167804015,-0.008280804804343884,56.912136341606555
14.223814853992266,53.46942452888169,1.658213339687456,6.118151976600843,1.9021740501707534,-0.012572039300697698,5.468472327735976,-0.00955622901365136,-1.800000000000009,-0.06874984901907452,-0.004148749166144021,57.1149302808459
14.2627090977616,53.68075546342363,1.5898069593869075,6.3181052987251505,1.9004226051839461,-5.7847545385388445e-05,5.398471038589708,-4.3408073479896736e-05,-1.8000000000000038,-0.00031228829841652324,-1.9089689974859324e-05,57.37712118970491
14.30209202217225,53.89196712701473,1.5214415791956608,6.517946589824431,1.9013161106254606,0.01249163464112537,5.327573743868178,0.009250464557755467,-1.800000000000011,0.06655010473205371,0.004122216082266428,57.53791512894425
14.341967910624245,54.102978105754694,1.4526147384840238,6.717417136889534,1.9047568657413552,0.025119744509291945,5.2557731376165675,0.018351291299786174,-1.799999999999996,0.13202367841572787,0.008289325821580032,57.74070906818359
14.382342866096199,54.31371388236284,1.3828434876668445,6.91626768404001,1.9090199413351716,0.01728983477222152,5.183115287494561,0.012456513762735742,-1.7999999999999934,0.0896152069261564,0.005705583561439225,58.044899977042604
14.423245844676941,54.52421359990438,1.3125201553271424,7.114673228351926,1.9096567989825979,-0.024731893236824686,5.109474702496092,-0.017565010614536202,-1.79999999999999,-0.12636698283838993,-0.008161343561015695,58.247693916281946
14.464737012606289,54.73466356019577,1.2432466802239373,7.313395072731891,1.9014687454894774,-0.0667038543291665,5.0346043919321675,-0.04668002499705511,-1.8000000000000078,-0.3358275179644252,-0.022008717685611124,58.49248785552129
14.506888451836346,54.94528943339959,1.1767108121926713,7.513235600974277,1.8856000611824533,-0.09994314560426738,4.95846975606664,-0.0688835440078845,-1.7999999999999963,-0.4955650648049244,-0.03296928726835294,58.737281794760634
14.549763701014943,55.15625111490673,1.1141834875709369,7.714718018916812,1.8641138341926304,-0.1052726588327093,4.88125018996317,-0.07142684384358754,-1.8000000000000083,-0.5138621859250903,-0.03472601202646113,58.940075733999976
14.593382013092011,55.3674735008988,1.0560778463648974,7.9177909880786785,1.8414631746448908,-0.11082051545083407,4.8026900222789495,-0.07398088515091482,-1.8000000000000034,-0.532236583819531,-0.03655447966102911,59.12547270361965
14.637760987866262,55.578864701943466,1.0027013827331006,8.122332409334303,1.8176097309665196,-0.1165801186619375,4.722757602241567,-0.07653057019364364,-1.7999999999999905,-0.5505796416808894,-0.038452476089961905,59.310869673239324
14.682924042805364,55.79035113426398,0.954361590834105,8.328220183558079,1.792516073803181,-0.12253800542339896,4.641410913449123,-0.07905614376013881,-1.7999999999999914,-0.5687492356844518,-0.04041552230354612,59.63966361247867
14.728901307649835,56.001878948098344,0.9113659648264595,8.535332211624427,1.7661466847377831,-0.1286726496206796,4.558595992238636,-0.08153276085714634,-1.7798925189435177,-0.5865666248715562,-0.04243648202774693,59.783060582098344
14.775725737152793,56.21341551161769,0.8740219988687211,8.743546394407739,1.7384691058075863,-0.13495320650136355,4.475195309981299,-0.08394793199545576,-1.721394774070997,-0.6039419568018399,-0.044505150936730846,60.01045755171802
14.823423322450786,56.424950936021524,0.8426371871194401,8.95274063278244,1.7094552592845016,-0.1413382704732428,4.3930285368943744,-0.08630552472065092,-1.669598973895527,-0.6209030555442512,-0.046607851287876305,60.237854521337695
14.872018236192737,56.636499622354016,0.8175190237371726,9.162792827622923,1.6790829397181737,-0.14777474714572092,4.311832688834394,-0.08856801796047477,-1.6278095946997106,-0.6371799853271565,-0.0487270652364464,60.50725149095737
14.921545577662055,56.84810180488449,0.7989750028804694,9.373580879803608,1.6473374696391467,-0.15419697173384103,4.231149373647267,-0.09068782843142262,-1.6002338641504477,-0.6524304203699468,-0.05084115021607837,60.67525149095738
14.972055607220117,57.05982505973146,0.7873126187078856,9.584982690198892,1.614213496142309,-0.16052623597370674,4.150260245579625,-0.09260536611925507,-1.5918068761886046,-0.6662256555342091,-0.05292418942750932,60.944648460577056
15.023619503913626,57.27176574106812,0.7828393653779737,9.796876159683194,1.5797161934388488,-0.16667090884428445,4.068121931915194,-0.09424722357575235,-1.5954255132040998,-0.6780375796816716,-0.05494603780308579,61.11264846057706
15.07633241591229,57.484049269316486,0.7858628697090908,10.009138155309195,1.5438050519717572,-0.17292471950683017,3.9839632742880813,-0.09576067671071731,-1.5645514168187697,-0.6889257317317792,-0.057003335245640434,61.32264846057707
15.130264079466102,57.69669774984935,0.7967081649825022,10.22150989505667,1.5064096408127152,-0.18091278294819807,3.89950236460116,-0.0980603056601374,-1.5209772763303853,-0.7054698248930747,-0.059630439940481735,61.53264846057708
15.185412286522105,57.90950340528024,0.8157348446699269,10.43346326833354,1.4672324067633928,-0.1898768063267632,3.8155272690922843,-0.10070273839080081,-1.4655688878227482,-0.7244801323079194,-0.0625775344841611,61.760045430196755
15.24176660266373,58.12227252905255,0.8433065803187779,10.644438383985003,1.4261026546085072,-0.19976097868215978,3.7328261070313724,-0.10364854649833559,-1.3990901607347237,-0.7456729963909035,-0.06582588234622322,61.97004543019676
15.299316692680275,58.33486290344522,0.879787043476465,10.853875350856221,1.3828578598444992,-0.21047708013786826,3.6521843817966047,-0.1068494535679888,-1.3224622319383108,-0.7687011048056748,-0.06934606332402674,62.18004543019677
15.358053169725807,58.54718990366848,0.9255399056904027,11.061214277792388,1.337348329367567,-0.22189227476051798,3.5743705541514075,-0.110244404620576,-1.2372111798397607,-0.793125213097669,-0.07309399798049412,62.39004543019678
15.417969154165515,58.759232927461525,0.980928838507999,11.265895273638668,1.289443468657907,-0.2338164519622078,3.500093505369026,-0.11375474284962798,-1.1464025967961093,-0.8183794449613523,-0.07700684893607997,62.70144239981646
15.479063424987913,58.971042013979975,1.04631751347667,11.467358447240253,1.2390397541450133,-0.24599051709295977,3.4298984998168454,-0.1172774282709375,-1.0568154931658877,-0.8437225055463128,-0.08099926235904366,62.970839369436135
15.541347318428713,59.18274444692002,1.1220696021438221,11.665043907442305,1.1860703735001312,-0.258077863115059,3.363916597450536,-0.1206731845962567,-0.9840054018380919,-0.8681524071673143,-0.08496067849162216,63.15623633905581
15.604860754650272,59.39455105872487,1.2085487760568736,11.858391763090019,1.1305510240180499,-0.2696620765124802,3.3012644940652223,-0.12374139156353048,-0.8082706852497472,-0.8902258385865502,-0.08875469659420022,63.29963330867548
15.669601620749312,59.606733984516325,1.3060993354212307,12.046820748028967,1.0726231369683141,-0.27810677844995774,3.2488280976211503,-0.1255894351194301,-1.0512944773207238,-0.9035211159671229,-0.0915188663295649,63.603824217534495
15.735659879553069,59.81921244129086,1.4147603872379815,12.22941283551187,1.012812185157889,-0.2871738047985689,3.179276065655163,-0.1269076677948113,-1.0752641991486689,-0.9130048042792179,-0.09448517736213106,63.866015126393506
15.803190213374123,60.031629206209296,1.5343279984788505,12.404981820132065,0.9509289695058116,-0.29909602148863734,3.1065114749059246,-0.12915118597658937,-1.0561906239138337,-0.9291452228531609,-0.09838302961241714,64.08620603525252
15.872207911406118,60.24370313638639,1.6645914978259828,12.57233406122431,0.8864637612082822,-0.3136325171034338,3.0334179953818254,-0.13224161446326516,-0.9923866814595622,-0.9513785213184542,-0.10313152881982059,64.3657939137312
15.942695389110131,60.455258876687935,1.8053402139615455,12.730275918123386,0.8189423529130941,-0.3304176955429302,2.9632246773827298,-0.1360951598294675,-0.8624853949212051,-0.9791018692767444,-0.10860877012265178,64.62798482259021
16.014574096499587,60.66624812356226,1.956363475567681,12.877613750164041,0.7481431193607939,-0.3488921243358775,2.9009446808208446,-0.14068422856587037,0.004151515197599498,-1.0121167522724486,-0.11462967152046978,64.84817573144922
16.0870601867652,60.87678429548599,2.1174331268860436,13.013194158455503,0.6748307060060883,-0.34881983646591513,2.901246664960912,-0.14066972182343365,0.8625765999528608,-1.012012387218947,-0.1146061285427962,65.06836664030823
16.15877728319626,61.08731597539549,2.2879960697518715,13.136611623858363,0.6025829517744495,-0.3311221286466864,2.963379268652439,-0.13639242274788824,0.9730958421674224,-0.9812404514236563,-0.10883849595196347,65.37255754916724
16.229118376906932,61.298391359456026,2.4672121205460487,13.248121376319938,0.5339032453224216,-0.3122672970019476,3.0321101161760224,-0.13160920739648618,1.0963522962447303,-0.9468288301905479,-0.1026857604952605,65.57535148840658
16.298117343525135,61.510410598793534,2.6542312190347883,13.348001377570005,0.46889910733942197,-0.29324474708100223,3.1080313421364627,-0.12668652721340423,1.210880411946111,-0.9114138648446349,-0.09647037996683036,65.80274845802626
16.365772180872796,61.723629768678705,2.848203304984337,13.43652958933836,0.4075404808410819,-0.27481541046248087,3.190207413438757,-0.12186382421006238,1.310863584271481,-0.8767181597846214,-0.09044168074268481,66.07214542764594
16.432071590248203,61.93817391914888,3.048278318160908,13.513983973354783,0.3496901920762161,-0.2575205511379699,3.2773446342536166,-0.11731371991100631,1.394465980461449,-0.8439835964820597,-0.08477808705270025,66.29954239726561
16.49700256910038,62.154050959142104,3.2536061983307483,13.580642491349067,0.29513349083067275,-0.24171470142766896,3.3680871522325457,-0.11316214907341182,1.4609209438966242,-0.8141161803842576,-0.07959732187790128,66.46754239726562
16.560553088777823,62.3711655131146,3.463336885260071,13.636783105050995,0.2436035700618636,-0.22760791294000998,3.461098203902991,-0.10950049407523797,1.509593743723454,-0.7877733386707769,-0.07496983936499532,66.67754239726563
16.62271329256419,62.589332180131855,3.6766203187151225,13.682683776190354,0.19480174277978765,-0.21530772477329593,3.5550748528295752,-0.10639547583664791,1.5395445674904977,-0.7654350779614957,-0.07093234631732445,66.92954239726564
16.68347625083491,62.80828786830715,3.892606438462116,13.718622466496932,0.14841217127289902,-0.20485595204974122,3.6487349268619704,-0.1038976443435038,1.549206499372335,-0.7474650672194518,-0.06749976245708783,67.13954239726564
16.7428386821319,63.02770306134077,4.110445184267299,13.744877137700517,0.10411171283884267,-0.19625870626723033,3.7407868521921324,-0.10204851633654431,1.5360237755351127,-0.7341619880326928,-0.0646750463457962,67.34954239726565
16.8008018780246,63.2471920028931,4.329286495896882,13.761725751530893,0.06157570717052745,-0.189509994898555,3.8298828419447655,-0.1008863498196232,1.4959148290171242,-0.7258010778390158,-0.062456959200814795,67.55954239726566
16.85737306592978,63.46632186936905,4.548280313117116,13.76944626971785,0.02048053989010868,-0.1846101793673529,3.9145484501368863,-0.10045050332155299,1.4223207216452576,-0.7226654915219639,-0.0608461584928268,67.76954239726567
16.912567569545867,63.6846210546328,4.766576575694211,13.768316653991171,-0.019496302383135142,-0.18158089800073768,3.993069665669712,-0.10078405941838182,0.8110166021939693,-0.7250651756718117,-0.05985013197835463,67.97954239726567
16.966589553122805,63.90158672235128,4.983325223394416,13.758614866080647,-0.05859296439780779,-0.18047809255180866,4.036884003955,-0.10127110835925217,1.210650908353086,-0.7285691248867063,-0.059487500356848924,68.23154239726568
17.019443481263032,64.11671002691267,5.197695888864971,13.740635601603913,-0.09620517847176803,-0.1691014140822141,4.101009000916463,-0.09639461254942182,1.4416613425518843,-0.693486421218862,-0.05574565013548812,68.44154239726569
17.07096671255964,64.32997917227266,5.409438836411428,13.715166943867091,-0.1300822639859564,-0.1413151393345214,4.175615296104942,-0.0820207943753236,2.0390207782029455,-0.5900776573764287,-0.04660023457909161,68.6515423972657
17.12109016765793,64.5418771894783,5.618966245098432,13.683559433610949,-0.15778154511895617,-0.11150299633183103,4.278109738813133,-0.06630606557745315,2.4794944931930463,-0.4770220545140514,-0.03677939568798885,68.86154239726571
17.16970137943237,64.75279584930072,5.826726331023147,13.64719423379243,-0.1790186483598596,-0.08031748794761098,4.3988806510479925,-0.049109679070620166,2.827964702117546,-0.3533070436735263,-0.02649856707808788,69.07154239726572
17.216778105569922,64.96302734726619,6.033167310282704,13.607452507368471,-0.19360223539434107,-0.04824526973773313,4.5321841869410004,-0.030393246355407962,3.089360349507183,-0.21865644860005728,-0.015919594024433426,69.28154239726572
17.262352441976237,65.17279161031492,6.238737398974266,13.565715417296017,-0.2014099287829897,-0.015635128754861206,4.6730706077909785,-0.010155904428038357,3.245534065148171,-0.07306406063336947,-0.005159546704652869,69.49154239726573
17.306501130402992,65.38226498187038,6.443884813194958,13.523364126532005,-0.2023686850502377,0.017252738297153125,4.816353866346241,0.01155024569955491,2.2253839714596113,0.08309529280255332,0.0056933421223248175,69.65954239726574
17.3495384888069,65.59160966937802,6.6490577690419395,13.481779798033376,-0.19644229058766832,0.050185699247704996,4.912022850525836,0.034265348904933844,-1.7999999999999905,0.2465133014743442,0.01655976688014172,69.86954239726575
17.39250453263096,65.8010035206038,6.854704482612363,13.442343594757066,-0.1836274964594026,0.0828929548786237,4.83448258397843,0.055703491990635054,-1.8000000000000107,0.4007445466952161,0.027347855202120387,70.07954239726575
17.436226407901096,66.01066975336965,7.061273170003357,13.406436679660024,-0.16435560655600792,0.11500134467221822,4.755496570844568,0.07601750153214347,-1.7556143556151649,0.5468885002312479,0.037932240268914334,70.28954239726576
17.48078864551066,66.22086925140444,7.269163224056746,13.37536330842755,-0.1393915968344623,0.12575175733918414,4.677155547496432,0.08175431359304826,-1.754616990184555,0.5881605294463903,0.04147428335337274,70.49954239726577
17.526225261955314,66.43160464539181,7.478334477277803,13.349735333381775,-0.11258357874283326,0.12957119295230035,4.597400566794803,0.08280100395276661,-1.749302823373542,0.5956906759191843,0.04273246393080132,70.70954239726578
17.572548265671795,66.6427277413099,7.688514086222218,13.329798091496038,-0.08489788112143848,0.13379766938279314,4.5163321953708655,0.08399418634397426,-1.7411092361099552,0.6042747218990954,0.044124572055252505,70.91954239726579
17.619772877072556,66.85410517660355,7.89942708673581,13.315793579163346,-0.05626379860657548,0.1384195408677293,4.434069329892192,0.08531289587389068,-1.7316130467092554,0.6137618408193574,0.045646718524585364,71.1295423972658
17.667919142666147,67.06562157336619,8.11079851466444,13.30796379277669,-0.026612202508716154,0.1434210201986319,4.3506548321599645,0.08673257428390807,-1.7226269180271876,0.6239753545604897,0.04729364470142436,71.3395423972658
17.717013629824205,67.27718118372742,8.322353405853926,13.306550728729079,0.004123820312936399,0.14878046354692528,4.266035633999529,0.08822368351964703,-1.7162894572918939,0.6347027591341512,0.04905815890745134,71.54954239726581
17.767091699763373,67.48870962703619,8.533816796150127,13.311796383413505,0.03600810411288046,0.15446850946726656,4.180035920952037,0.08975006463384408,-1.7151324706334057,0.645683918229094,0.05093052584153255,71.75954239726582
17.818200568595625,67.70015571035064,8.744913721398868,13.323942753222976,0.0691002967207125,0.16044610662349026,4.092323254259086,0.09126702931349924,-1.7220931872145528,0.656597333190642,0.052897820701149754,71.88554239726582
17.87040342358864,67.91149331816077,8.955369217446004,13.343231834550487,0.10345885460098911,0.1666625003078818,4.00236883904116,0.09271922690378459,-1.7006663884341702,0.6670447978689538,0.054943271354583434,72.1969393668855
17.92377034871773,68.12272296982813,9.16490782606362,13.369906489976756,0.13929880222904503,0.17456272961068703,3.9115320376349834,0.09491027161344093,-1.5874523344945155,0.6828077094492153,0.05754210743344427,72.40693936688551
17.978332567878827,68.33384470400587,9.373211958921202,13.404283442672817,0.17700914757359593,0.18647630704400187,3.8247837694925906,0.09913918580817732,-1.469654884138759,0.7132315525768151,0.06145968049858182,72.61693936688552
18.03407949009493,68.54485260448092,9.579890308607672,13.44680865676713,0.21723192429538263,0.19864245104785977,3.742713250944869,0.10334118098944192,-1.3488295445487652,0.7434617337369922,0.06545835641935852,72.82693936688553
18.09100314844036,68.75579742380121,9.784544129002654,13.497941137596916,0.26002060705579716,0.21085730472871128,3.6657851926210707,0.10744110437483932,-1.2287043585519442,0.7729575854304986,0.06947093393238563,73.03693936688553
18.14910326848834,68.96679762089867,9.986774673985733,13.558139890499389,0.3053998468087904,0.2228546104032709,3.594247451057757,0.11133825154038121,-1.1176898197105802,0.800994615398426,0.07340986774992,73.24693936688554
18.208395006452154,69.1780443951411,10.18618319743653,13.627863920811771,0.35335650674380104,0.2343054592453987,3.527831219163249,0.11489602583853568,-1.0340992090973384,0.8265901139462998,0.07716726429547717,73.45693936688555
18.26892597020781,69.38980617331622,10.38237095323463,13.707572233871273,0.4035319282373564,0.24482504832950092,3.465100830725653,0.11791974349051126,-0.2101797988781877,0.8483434783490017,0.08061716366608263,73.62493936688556
18.33033082726689,69.60230711691757,10.574852760488339,13.797613362850264,0.4558015813573242,0.2466579643213906,3.452172228800607,0.1183593026475486,-0.448515702448944,0.8515057744427955,0.08121807412811005,73.83493936688556
18.392242083090917,69.81530143490312,10.76277726634411,13.89786783702968,0.5087005472553521,0.25067204832199685,3.424354402483188,0.11931620058287626,-0.6934587316329837,0.8583899322509083,0.08253386147318507,74.00293936688557
18.45484150113925,70.02843538921701,10.945196168424454,14.008092274634398,0.5626182493898709,0.2569667912957001,3.380866378610599,0.12075908353044004,-1.0577688572209925,0.8687703851110792,0.08459665378268652,74.23033633650525
18.518423107811095,70.24139530654742,11.121161163710076,14.128043293069021,0.6179575128348838,0.2654607419203717,3.313512735662366,0.12226544933484297,-1.0604410799175625,0.8796075491715322,0.08737898154096216,74.66052724536426
18.58318895079467,70.4539197265342,11.289723949181711,14.257477509738182,0.6751087714591236,0.2760496789087526,3.244699597093428,0.12450206118868697,-1.0214744285812059,0.8956982819329996,0.09084565192064957,74.92271815422328
18.64912906227668,70.66581229256848,11.449936221820067,14.396151542046486,0.7344464762696907,0.2885781852706053,3.177176195079606,0.12744405995188451,-0.9272470577629277,0.9168637406610394,0.0949444778039176,75.42249694156096
18.71618756406192,70.87695546147606,11.60084967860587,14.543822007398553,0.7963084248556248,0.302804980421296,3.114793611242177,0.1311013275671306,-0.0652473503502917,0.9431750184685653,0.09959503169090836,75.5832908808003
18.7837146231037,71.08732577883895,11.741518653583666,14.700244224190337,0.8581051540971029,0.3036626925041254,3.110375944678377,0.13128621363449272,0.9259056654330546,0.9445051340610987,0.09987527052236048,75.74408482003965
18.850476602463942,71.29722898677778,11.871949018801375,14.864704786430014,0.9163829658431444,0.2268376916878525,3.1733836966681994,0.10005818153029897,2.079710573561812,0.7198430325920787,0.07471708745803678,76.14967269851833
18.915268589706933,71.50730631696933,11.994505522425706,15.035328313763701,0.9585097895558857,0.1486448226434842,3.3090030887006843,0.068369398637285,2.642329492044706,0.4918661772466546,0.04901350495268112,76.335069668138
18.977335935111334,71.71782078492767,12.11191216292387,15.210062460359934,0.9842766156382362,0.0711050333663563,3.4735420489355318,0.034331098937171366,2.9997735756777253,0.24698632328900263,0.023460355961289564,76.60446663775768
19.03653411946783,71.9287144514796,12.2268929387631,15.386854880387284,0.9937622483821498,-0.0055480740905926645,3.6512917656198347,-0.002815811576642135,-0.14398819177526792,-0.02025763724202975,-0.0018308624041743697,76.83186360737736
19.0944046989292,72.1397757760589,12.34217184841062,15.563653228014296,0.9870837093759517,-0.08191832810618273,3.642724028885556,-0.041478414845594676,-1.7999999999999998,-0.29840586219852283,-0.027026466039228002,76.99986360737736
19.15318631021972,72.35080509475048,12.460472890333664,15.73840515740954,0.9642795336419009,-0.15853871478676176,3.5362947201348343,-0.07792890718519693,-1.3621680457959506,-0.560639620037388,-0.052270120258477014,77.22726057699704
19.213532781014962,72.56177950998658,12.584520062999445,15.909058322741556,0.9261190287243953,-0.23498057701946912,3.453109794351059,-0.11278650874635872,-1.0112411447155158,-0.8114137319881922,-0.07738872533610476,77.41265754661671
19.275221930327486,72.77298834775162,12.71688740852338,16.07364282683902,0.8750412191602085,-0.2557013246792353,3.390427796919307,-0.12050422616731797,0.9514947848446997,-0.8669368789015681,-0.08418201674398619,77.64005451623639
19.337088690028054,72.98469649722114,12.858271376789505,16.23122110601839,0.821453097368092,-0.247053483949613,3.4494012494554758,-0.11845393687431917,0.9261274311311757,-0.8521865962181234,-0.08134773515897827,77.92684845547574
19.398083593243218,73.19693918449326,13.008090062731345,16.381558458805895,0.7695151709851986,-0.23916080906351073,3.5059868490248247,-0.11655075654165399,0.8719512838271134,-0.8384946513788057,-0.07875981003803853,78.12964239471508
19.458283827568774,73.40969701165331,13.165737032133256,16.524433670288712,0.7190747217516837,-0.23216083435022267,3.558562836035357,-0.11483608947713121,0.7896506148647555,-0.8261589171016631,-0.07646370592493841,78.45123027319376
19.51777486129122,73.62290715468578,13.33060585077962,16.659625525554034,0.6699593305959535,-0.22615359380790345,3.60561132722412,-0.1133436523741445,0.6807246332542126,-0.8154219595262193,-0.0744925893397904,78.77281815167244
19.576649142619413,73.83646954627574,13.50209008445479,16.786912809689028,0.621982112166115,-0.22121109720773813,3.645746511950625,-0.1121006624609336,0.5475376552765814,-0.8064795860498819,-0.07287040457908159,78.99300906053145
19.63500494645236,74.05025285670223,13.679583298943154,16.906074307780894,0.5749457032867435,-0.21738579635169905,3.677742971194764,-0.11112898275523522,0.39332532935592535,-0.7994890845700375,-0.07161463218849204,79.4159939086298
19.69294535531662,74.2641002607049,13.862479060029061,17.0168888049168,0.5286451320292521,-0.21471774166885443,3.7005631819588363,-0.1104461431373025,0.22214923759773664,-0.7945765693331114,-0.07073862717225718,79.70278784786915
19.750577353469467,74.47783500612273,14.050170933496899,17.11913508618394,0.4828697363401456,-0.21324034540311418,3.7133830491612985,-0.11006618867839423,0.038796360394311315,-0.7918430840172246,-0.07025350533222781,80.01418481748883
19.808011008813185,74.69126582104924,14.242052485131016,17.21259193666949,0.4374043160776578,-0.21298477780952996,3.7156141943476397,-0.11000032764166041,-0.1513747443187054,-0.7913692636090677,-0.07016958309799064,80.18218481748883
19.86535871493115,74.90419221165556,14.437517280715804,17.297038141460643,0.39211952953469326,-0.2139830537277891,3.7069217514573554,-0.1102573626466465,0.8780531586431157,-0.7932184363068094,-0.0704973872041672,80.39218481748884
19.92220460333203,75.11642735767933,14.635968626742143,17.372276565607258,0.3472270005341569,-0.20833727050825038,3.7568998592461678,-0.10879561445249655,1.1238552678169433,-0.7827022622481766,-0.0686432822452613,80.56018481748885
19.978045351760855,75.32805560173685,14.836968107600429,17.438501352338285,0.3040384773367046,-0.19650839592819835,3.8198070517913822,-0.10433675775388157,1.3171912886150374,-0.750624156502745,-0.06475709932025894,80.77018481748885
20.032818317154874,75.53933163416352,15.040205893522828,17.496224521441498,0.26343815777159585,-0.18407670729874334,3.8921043931472807,-0.09958596080033999,1.4947077449559605,-0.7164457611535251,-0.06067076180026101,80.98018481748886
20.08648920536973,75.750445502275,15.245375876571636,17.545967293426425,0.22550011659437602,-0.1713286816682001,3.972474199706385,-0.09460322869593203,1.6615064781848672,-0.6805987675966331,-0.05647833665036188,81.19018481748887
20.13903128588415,75.96152017610108,15.452171948809124,17.588250888802577,0.19025813215491766,-0.15849455794750555,4.059914392676686,-0.08944293283910895,1.820058000577391,-0.6434743369720068,-0.05225558826668144,81.40018481748888
20.190422068064997,76.17261637676681,15.660288002297595,17.623596528079474,0.1577136557804779,-0.14574776989105023,4.153581445913008,-0.0841471573595704,1.971880330827082,-0.6053752328026648,-0.04805972806153125,81.62758178710855
20.240641847079736,76.3837376872796,15.869417929099335,17.65252543176663,0.12784379045961544,-0.13320838451201858,4.252732176083894,-0.07874344202843996,2.1180781076831807,-0.5664995829384168,-0.04393048475856211,81.93897875672823
20.289672994900144,76.59483575465353,16.07925562127662,17.675558820373563,0.10060696143302353,-0.12094878154973003,4.35669727632776,-0.07324427457424895,2.2595288531795976,-0.5269372271528701,-0.03989192355503082,82.06497875672824
20.337499730942625,76.80581602892384,16.28949558970762,17.693217580389735,0.07584176258670092,-0.10986599456391694,4.464858204625465,-0.06818451612608774,2.3811669255668346,-0.4905360872380412,-0.0362399048739909,82.27497875672825
20.38412876240104,77.01662096375067,16.499913929970216,17.70597856109171,0.053287948612818326,-0.10151918074645726,4.575954746513499,-0.0645720576028489,2.458455558396349,-0.46454717699891296,-0.03348880479560591,82.35897875672825
20.429612807490496,77.22731764138379,16.710448929786754,17.714231064826105,0.032508042580574895,-0.09305608238138191,4.687838678577162,-0.06063623441473839,2.5456421281546864,-0.43623190226430486,-0.03069885980933256,82.71237572634793
20.474009231543885,77.43796710933748,16.921058044885022,17.718354047568937,0.013517286654500246,-0.08453097453249389,4.800916837350911,-0.05640983886859161,2.6400033196739137,-0.405826178910731,-0.02788798947791828,82.92237572634794
20.517364587407602,77.64860812466672,17.13169873099284,17.718726465296236,-0.003676690024604178,-0.07598493398750648,4.915432351568412,-0.051916333582803155,2.739113477037925,-0.3734988027539795,-0.025069774830756633,83.13237572634795
20.559717481683013,77.85925918942017,17.342328443838003,17.71572727398402,-0.019072017136322797,-0.06744676886917518,5.031494784626591,-0.04717077114691864,2.8407789706735644,-0.33935806580517003,-0.022253759423970395,83.34237572634795
20.60110076033695,78.06992061500728,17.552904639148327,17.70973542960832,-0.032670862794361405,-0.05893419186712132,5.1491038767317665,-0.0421807003382917,2.942940836891484,-0.30345827581504814,-0.01944583186062297,83.55237572634796
20.641543189840736,78.2805765950872,17.76338477265161,17.701129888145147,-0.04447787762074493,-0.050455113304670986,5.268166762229848,-0.03694702717457301,3.043562456952386,-0.2658059508962087,-0.016648649009598906,83.76237572634797
20.681070769368972,78.4911972728123,17.97372630007566,17.690289605570538,-0.05453989805964662,-0.04200896342581595,5.388509112614368,-0.03146482983017752,3.1405089283162226,-0.22636568223149292,-0.013862069964416919,83.97237572634798
20.719709319579852,78.70174929411104,18.18389464025912,17.677584391777923,-0.06289469804445419,-0.03517354553081883,5.509879836811789,-0.026938479294012174,3.2158321255886078,-0.19380200930944008,-0.011606748789770312,84.18237572634798
20.75749511216246,78.91224268714404,18.393904647620104,17.66332727710539,-0.06982674317924772,-0.028585161351751587,5.631414002316973,-0.0223755080273694,3.2855913566505808,-0.16097487789474385,-0.009432823464366432,84.39237572634799
20.794468236963503,79.12270102474368,18.60379012001598,17.647809534281024,-0.07537048104887702,-0.021980909668990377,5.752910182084197,-0.017577133667422876,3.35058472861619,-0.1264541990462077,-0.007253572974150767,84.602375726348
20.830666521596218,79.3331426390514,18.813584893928454,17.631322391670693,-0.07952363138708086,-0.015367681870849324,5.87420905196568,-0.012547943657532607,3.4083398548080512,-0.09027297595347197,-0.005071291542444615,84.81237572634801
20.86612591908385,79.54358179818877,19.023322805839193,17.61415707764029,-0.082284882363679,-0.008750468971097094,5.995075696891298,-0.007291901617238559,3.4561149011612255,-0.05245972386502559,-0.0028876467342176483,85.02237572634802
20.90088121046131,79.75402992790875,19.233037692229917,17.59660482055567,-0.08365362463566901,-0.002132926143786726,6.11519814318062,-0.0018130139731696122,3.49082941380642,-0.013043265994025985,-0.0007038655112116839,85.23237572634802
20.934966622519582,79.9644968351356,19.44276338958229,17.57895684878272,-0.08362976474077326,0.004482055350068604,6.234183561077864,0.0038839318538701905,3.508981403245771,0.02794195578323878,0.0014790771869444318,85.44237572634803
20.968416388301854,80.1749919321077,19.652533734378025,17.561504390687315,-0.08221361880260263,0.011091773559874193,6.3515518281497725,0.009792546473798272,1.3245673694064062,0.07044997463164224,0.003660268928436161,85.65237572634804
21.00144935656765,80.38552546016591,19.862382563098798,17.54453867463533,-0.07940588694747243,0.01769314189773588,6.395294428309628,0.015728246399905586,-1.7999999999999787,0.11315285179788191,0.005838670478447262,85.87977269596772
21.034531271162894,80.59610971231203,20.072343712226317,17.528350928992637,-0.07520770844223655,0.024282118827078612,6.33573023416657,0.02138444866192627,-1.8000000000000054,0.15384495440234727,0.00801292771315331,86.08977269596772
21.067937637048097,80.80676025349494,20.28245101824225,17.51323238212512,-0.06962079803464574,0.030853144855374725,6.275577154143011,0.026913359447311793,-1.7999999999999918,0.1936212909878546,0.010181186005486988,86.29977269596773
21.101681098385633,81.01749713683282,20.49273831727994,17.499474262253855,-0.06268022532592507,0.037371167253364444,6.21481278458201,0.03228341831491371,-1.8000000000000032,0.2322548080209619,0.012331860033981255,86.50977269596774
21.135773250809475,81.22833029279319,20.70322320918226,17.487361049092943,-0.054397827047079225,0.04295825011586985,6.153421059527517,0.036743287931138714,-1.8000000000000034,0.26434020094344396,0.014175273009858085,86.71977269596775
21.1702177828322,81.43921799687539,20.913863680422622,17.477152444452905,-0.04493302787471355,0.04858364719889461,6.091391705075411,0.04113594155140231,-1.800000000000008,0.2959420255496569,0.01603123009058883,86.94716966558742
21.205017570974306,81.6501120485433,21.12460403929606,17.46910246489965,-0.03427935910422792,0.05425414849019275,6.02871955390527,0.045464543377779415,-1.8000000000000054,0.3270830458833051,0.017901956350007266,87.15716966558743
21.2401770213964,81.86097197390009,21.33538859409756,17.46346512699911,-0.02242940590719697,0.05997354320707091,5.965396695342318,0.04972947072730486,-1.8000000000000007,0.35776597645543057,0.0197886858227474,87.36716966558744
21.275702315318252,82.07176596657625,21.54616165312215,17.46049444731721,-0.009375232189189908,0.06574219921719368,5.901412046408505,0.053928081092065115,-1.8000000000000023,0.3879718064177346,0.021691522987092017,87.57716966558745
21.31160167601599,82.28247184405254,21.756867524664838,17.46044444241987,0.004891136730264957,0.07155660705237682,5.836750885424813,0.05805447445036287,-1.8000000000000111,0.4176580895709558,0.02360929275263396,87.78716966558746
21.347885659506264,82.4930780175968,21.967450517020644,17.463569128873015,0.020377169306433126,0.07740889877958054,5.771394344299312,0.062099262005472354,-1.7999999999999785,0.44675728061490905,0.025539382375178613,87.99716966558746
21.38456747110957,82.70358447248437,22.17785493848457,17.470122523242566,0.037089217525014595,0.0832863579325226,5.705318855299105,0.066049356733924,-1.8000000000000018,0.47517522830161146,0.027477580677737153,88.22456663520714
21.42166331018195,82.91400375346252,22.388025097351647,17.48035864209445,0.05503183730410184,0.0891709436522802,5.638495547684272,0.0698878056585,-1.7007623710728192,0.502789968766187,0.029417922237871215,88.43456663520715
21.45918021006763,83.12436194854048,22.597905301973462,17.494531501522232,0.07329939154534233,0.0946850945100386,5.574638528019366,0.07336908944798946,0.16270310242985284,0.5278351758848162,0.03123591844133298,88.64456663520716
21.49688854529711,83.33470616752872,22.80746381674851,17.512695183611743,0.09176068130093,0.07427678741144468,5.580959141353073,0.057620464481499524,-1.7999999999999996,0.4145357156942411,0.024506432763017453,88.87196360482683
21.534816766887786,83.54509860900376,23.01676092816178,17.534135766250397,0.10593088296183534,0.053838004163872966,5.512831421000095,0.04125517789879607,-1.8000000000000023,0.2967998409985328,0.017764672391815305,89.08196360482684
21.573234898078965,83.75556886262478,23.225879015119805,17.55795494688942,0.11580517312585456,0.03342904367574051,5.443774380305699,0.02529524384129619,-1.7999999999999876,0.18198017152011645,0.011031136946302351,89.29196360482685
21.612161648148287,83.96611583234713,23.434900456529064,17.58325442298003,0.12138725184814128,0.01306546904128207,5.373756136865105,0.009759279577383867,-1.800000000000004,0.07021064444161057,0.004311578066435696,89.50196360482686
21.651613379219096,84.1767193687404,23.643907631296088,17.609135891973455,0.12268308816076279,-0.007264813474883449,5.302749179201057,-0.005354764233047192,-1.799999999999993,-0.03852348369098699,-0.0023973838537535612,89.72936057444653
21.69160619703312,84.38735187577497,23.852982918327356,17.634701051320906,0.11969705748816331,-0.027584622360034065,5.230726360978986,-0.020055977975743,-1.8000000000000123,-0.14428761133628054,-0.009102673958649382,89.93936057444654
21.732158209342252,84.59798989563579,24.0622086965294,17.659051598473628,0.11243045737139633,-0.04791074846447814,5.157656818354544,-0.03434790059014964,-1.7999999999999996,-0.2471071984902852,-0.015809229785456257,90.14936057444655
